Date,age group,Total population, one dose cumulative
2021-07-26,12-17yrs,51038,34025
2021-07-26,18-29yrs,114063,79765
2021-07-26,30-39yrs,93632,74710
2021-07-26,40-49yrs,93719,76907
2021-07-26,50-59yrs,104381,86632
2021-07-26,60-69yrs,83972,74943
2021-07-26,70-79yrs,50080,47204
2021-07-26,80+,26420,26934
2021-07-27,12-17yrs,51038,34184
2021-07-27,18-29yrs,114063,79908
2021-07-27,30-39yrs,93632,74864
2021-07-27,40-49yrs,93719,76997
2021-07-27,50-59yrs,104381,86702
2021-07-27,60-69yrs,83972,74998
2021-07-27,70-79yrs,50080,47217
2021-07-27,80+,26420,26941
2021-07-28,12-17yrs,51038,34332
2021-07-28,18-29yrs,114063,80087
2021-07-28,30-39yrs,93632,75044
2021-07-28,40-49yrs,93719,77118
2021-07-28,50-59yrs,104381,86790
2021-07-28,60-69yrs,83972,75041
2021-07-28,70-79yrs,50080,47244
2021-07-28,80+,26420,26943
2021-07-29,12-17yrs,51038,34551
2021-07-29,18-29yrs,114063,80275
2021-07-29,30-39yrs,93632,75205
2021-07-29,40-49yrs,93719,77237
2021-07-29,50-59yrs,104381,86890
2021-07-29,60-69yrs,83972,75099
2021-07-29,70-79yrs,50080,47258
2021-07-29,80+,26420,26955
2021-07-30,12-17yrs,51038,34745
2021-07-30,18-29yrs,114063,80413
2021-07-30,30-39yrs,93632,75335
2021-07-30,40-49yrs,93719,77350
2021-07-30,50-59yrs,104381,86966
2021-07-30,60-69yrs,83972,75147
2021-07-30,70-79yrs,50080,47272
2021-07-30,80+,26420,26959
2021-07-31,12-17yrs,51038,34914
2021-07-31,18-29yrs,114063,80571
2021-07-31,30-39yrs,93632,75453
2021-07-31,40-49yrs,93719,77461
2021-07-31,50-59yrs,104381,87061
2021-07-31,60-69yrs,83972,75216
2021-07-31,70-79yrs,50080,47289
2021-07-31,80+,26420,26972
2021-08-01,12-17yrs,51038,35068
2021-08-01,18-29yrs,114063,80665
2021-08-01,30-39yrs,93632,75540
2021-08-01,40-49yrs,93719,77528
2021-08-01,50-59yrs,104381,87111
2021-08-01,60-69yrs,83972,75247
2021-08-01,70-79yrs,50080,47302
2021-08-01,80+,26420,26975
2021-08-02,12-17yrs,51038,35166
2021-08-02,18-29yrs,114063,80762
2021-08-02,30-39yrs,93632,75641
2021-08-02,40-49yrs,93719,77605
2021-08-02,50-59yrs,104381,87162
2021-08-02,60-69yrs,83972,75272
2021-08-02,70-79yrs,50080,47321
2021-08-02,80+,26420,26980
2021-08-03,12-17yrs,51038,35245
2021-08-03,18-29yrs,114063,80849
2021-08-03,30-39yrs,93632,75701
2021-08-03,40-49yrs,93719,77648
2021-08-03,50-59yrs,104381,87198
2021-08-03,60-69yrs,83972,75288
2021-08-03,70-79yrs,50080,47326
2021-08-03,80+,26420,26984
2021-08-04,12-17yrs,51038,35367
2021-08-04,18-29yrs,114063,80983
2021-08-04,30-39yrs,93632,75821
2021-08-04,40-49yrs,93719,77763
2021-08-04,50-59yrs,104381,87262
2021-08-04,60-69yrs,83972,75327
2021-08-04,70-79yrs,50080,47341
2021-08-04,80+,26420,26989
2021-08-05,12-17yrs,51038,35488
2021-08-05,18-29yrs,114063,81132
2021-08-05,30-39yrs,93632,75950
2021-08-05,40-49yrs,93719,77844
2021-08-05,50-59yrs,104381,87341
2021-08-05,60-69yrs,83972,75366
2021-08-05,70-79yrs,50080,47355
2021-08-05,80+,26420,26998
2021-08-06,12-17yrs,51038,35643
2021-08-06,18-29yrs,114063,81251
2021-08-06,30-39yrs,93632,76051
2021-08-06,40-49yrs,93719,77929
2021-08-06,50-59yrs,104381,87402
2021-08-06,60-69yrs,83972,75406
2021-08-06,70-79yrs,50080,47375
2021-08-06,80+,26420,27003
2021-08-07,12-17yrs,51038,35762
2021-08-07,18-29yrs,114063,81382
2021-08-07,30-39yrs,93632,76160
2021-08-07,40-49yrs,93719,78023
2021-08-07,50-59yrs,104381,87463
2021-08-07,60-69yrs,83972,75455
2021-08-07,70-79yrs,50080,47394
2021-08-07,80+,26420,27003
2021-08-08,12-17yrs,51038,35865
2021-08-08,18-29yrs,114063,81492
2021-08-08,30-39yrs,93632,76251
2021-08-08,40-49yrs,93719,78065
2021-08-08,50-59yrs,104381,87496
2021-08-08,60-69yrs,83972,75468
2021-08-08,70-79yrs,50080,47400
2021-08-08,80+,26420,27004
2021-08-09,12-17yrs,51038,35953
2021-08-09,18-29yrs,114063,81574
2021-08-09,30-39yrs,93632,76320
2021-08-09,40-49yrs,93719,78095
2021-08-09,50-59yrs,104381,87518
2021-08-09,60-69yrs,83972,75490
2021-08-09,70-79yrs,50080,47406
2021-08-09,80+,26420,27008
2021-08-10,12-17yrs,51038,36074
2021-08-10,18-29yrs,114063,81687
2021-08-10,30-39yrs,93632,76419
2021-08-10,40-49yrs,93719,78169
2021-08-10,50-59yrs,104381,87572
2021-08-10,60-69yrs,83972,75521
2021-08-10,70-79yrs,50080,47416
2021-08-10,80+,26420,27011
2021-08-11,12-17yrs,51038,36171
2021-08-11,18-29yrs,114063,81754
2021-08-11,30-39yrs,93632,76465
2021-08-11,40-49yrs,93719,78186
2021-08-11,50-59yrs,104381,87560
2021-08-11,60-69yrs,83972,75473
2021-08-11,70-79yrs,50080,47387
2021-08-11,80+,26420,27006
2021-08-12,12-17yrs,51038,36289
2021-08-12,18-29yrs,114063,81857
2021-08-12,30-39yrs,93632,76568
2021-08-12,40-49yrs,93719,78246
2021-08-12,50-59yrs,104381,87621
2021-08-12,60-69yrs,83972,75508
2021-08-12,70-79yrs,50080,47404
2021-08-12,80+,26420,27012
2021-08-13,12-17yrs,51038,36402
2021-08-13,18-29yrs,114063,82001
2021-08-13,30-39yrs,93632,76719
2021-08-13,40-49yrs,93719,78369
2021-08-13,50-59yrs,104381,87752
2021-08-13,60-69yrs,83972,75632
2021-08-13,70-79yrs,50080,47452
2021-08-13,80+,26420,27026
2021-08-14,12-17yrs,51038,36497
2021-08-14,18-29yrs,114063,82123
2021-08-14,30-39yrs,93632,76847
2021-08-14,40-49yrs,93719,78447
2021-08-14,50-59yrs,104381,87826
2021-08-14,60-69yrs,83972,75672
2021-08-14,70-79yrs,50080,47463
2021-08-14,80+,26420,27029
2021-08-15,12-17yrs,51038,36561
2021-08-15,18-29yrs,114063,82232
2021-08-15,30-39yrs,93632,76956
2021-08-15,40-49yrs,93719,78513
2021-08-15,50-59yrs,104381,87881
2021-08-15,60-69yrs,83972,75700
2021-08-15,70-79yrs,50080,47470
2021-08-15,80+,26420,27033
2021-08-16,12-17yrs,51038,36637
2021-08-16,18-29yrs,114063,82320
2021-08-16,30-39yrs,93632,77025
2021-08-16,40-49yrs,93719,78561
2021-08-16,50-59yrs,104381,87921
2021-08-16,60-69yrs,83972,75722
2021-08-16,70-79yrs,50080,47483
2021-08-16,80+,26420,27037
2021-08-17,12-17yrs,51038,36750
2021-08-17,18-29yrs,114063,82469
2021-08-17,30-39yrs,93632,77135
2021-08-17,40-49yrs,93719,78629
2021-08-17,50-59yrs,104381,87977
2021-08-17,60-69yrs,83972,75758
2021-08-17,70-79yrs,50080,47489
2021-08-17,80+,26420,27042
2021-08-18,12-17yrs,51038,36861
2021-08-18,18-29yrs,114063,82647
2021-08-18,30-39yrs,93632,77235
2021-08-18,40-49yrs,93719,78709
2021-08-18,50-59yrs,104381,88063
2021-08-18,60-69yrs,83972,75802
2021-08-18,70-79yrs,50080,47513
2021-08-18,80+,26420,27049
2021-08-19,12-17yrs,51038,37143
2021-08-19,18-29yrs,114063,82808
2021-08-19,30-39yrs,93632,77366
2021-08-19,40-49yrs,93719,78799
2021-08-19,50-59yrs,104381,88116
2021-08-19,60-69yrs,83972,75833
2021-08-19,70-79yrs,50080,47529
2021-08-19,80+,26420,27057
2021-08-20,12-17yrs,51038,37551
2021-08-20,18-29yrs,114063,82993
2021-08-20,30-39yrs,93632,77518
2021-08-20,40-49yrs,93719,78910
2021-08-20,50-59yrs,104381,88209
2021-08-20,60-69yrs,83972,75866
2021-08-20,70-79yrs,50080,47548
2021-08-20,80+,26420,27062
2021-08-21,12-17yrs,51038,37870
2021-08-21,18-29yrs,114063,83170
2021-08-21,30-39yrs,93632,77689
2021-08-21,40-49yrs,93719,79019
2021-08-21,50-59yrs,104381,88293
2021-08-21,60-69yrs,83972,75913
2021-08-21,70-79yrs,50080,47562
2021-08-21,80+,26420,27068
2021-08-22,12-17yrs,51038,38016
2021-08-22,18-29yrs,114063,83274
2021-08-22,30-39yrs,93632,77787
2021-08-22,40-49yrs,93719,79091
2021-08-22,50-59yrs,104381,88341
2021-08-22,60-69yrs,83972,75938
2021-08-22,70-79yrs,50080,47571
2021-08-22,80+,26420,27068
2021-08-23,12-17yrs,51038,38137
2021-08-23,18-29yrs,114063,83354
2021-08-23,30-39yrs,93632,77854
2021-08-23,40-49yrs,93719,79136
2021-08-23,50-59yrs,104381,88380
2021-08-23,60-69yrs,83972,75949
2021-08-23,70-79yrs,50080,47574
2021-08-23,80+,26420,27070
2021-08-24,12-17yrs,51038,38394
2021-08-24,18-29yrs,114063,83537
2021-08-24,30-39yrs,93632,77979
2021-08-24,40-49yrs,93719,79222
2021-08-24,50-59yrs,104381,88453
2021-08-24,60-69yrs,83972,75992
2021-08-24,70-79yrs,50080,47586
2021-08-24,80+,26420,27073
2021-08-25,12-17yrs,51038,38581
2021-08-25,18-29yrs,114063,83719
2021-08-25,30-39yrs,93632,78117
2021-08-25,40-49yrs,93719,79321
2021-08-25,50-59yrs,104381,88531
2021-08-25,60-69yrs,83972,76033
2021-08-25,70-79yrs,50080,47596
2021-08-25,80+,26420,27077
2021-08-26,12-17yrs,51038,38771
2021-08-26,18-29yrs,114063,83870
2021-08-26,30-39yrs,93632,78244
2021-08-26,40-49yrs,93719,79432
2021-08-26,50-59yrs,104381,88594
2021-08-26,60-69yrs,83972,76060
2021-08-26,70-79yrs,50080,47609
2021-08-26,80+,26420,27081
2021-08-27,12-17yrs,51038,38891
2021-08-27,18-29yrs,114063,83974
2021-08-27,30-39yrs,93632,78351
2021-08-27,40-49yrs,93719,79507
2021-08-27,50-59yrs,104381,88638
2021-08-27,60-69yrs,83972,76076
2021-08-27,70-79yrs,50080,47618
2021-08-27,80+,26420,27085
2021-08-28,12-17yrs,51038,39002
2021-08-28,18-29yrs,114063,84113
2021-08-28,30-39yrs,93632,78468
2021-08-28,40-49yrs,93719,79601
2021-08-28,50-59yrs,104381,88703
2021-08-28,60-69yrs,83972,76108
2021-08-28,70-79yrs,50080,47629
2021-08-28,80+,26420,27088
2021-08-29,12-17yrs,51038,39159
2021-08-29,18-29yrs,114063,84258
2021-08-29,30-39yrs,93632,78598
2021-08-29,40-49yrs,93719,79691
2021-08-29,50-59yrs,104381,88774
2021-08-29,60-69yrs,83972,76147
2021-08-29,70-79yrs,50080,47635
2021-08-29,80+,26420,27089
2021-08-30,12-17yrs,51038,39193
2021-08-30,18-29yrs,114063,84327
2021-08-30,30-39yrs,93632,78642
2021-08-30,40-49yrs,93719,79732
2021-08-30,50-59yrs,104381,88798
2021-08-30,60-69yrs,83972,76154
2021-08-30,70-79yrs,50080,47638
2021-08-30,80+,26420,27089
2021-08-31,12-17yrs,51038,39290
2021-08-31,18-29yrs,114063,84437
2021-08-31,30-39yrs,93632,78741
2021-08-31,40-49yrs,93719,79778
2021-08-31,50-59yrs,104381,88848
2021-08-31,60-69yrs,83972,76170
2021-08-31,70-79yrs,50080,47646
2021-08-31,80+,26420,27093
2021-09-01,12-17yrs,51038,39428
2021-09-01,18-29yrs,114063,84564
2021-09-01,30-39yrs,93632,78850
2021-09-01,40-49yrs,93719,79850
2021-09-01,50-59yrs,104381,88905
2021-09-01,60-69yrs,83972,76194
2021-09-01,70-79yrs,50080,47665
2021-09-01,80+,26420,27101
2021-09-02,12-17yrs,51038,39579
2021-09-02,18-29yrs,114063,84771
2021-09-02,30-39yrs,93632,79041
2021-09-02,40-49yrs,93719,79948
2021-09-02,50-59yrs,104381,88970
2021-09-02,60-69yrs,83972,76236
2021-09-02,70-79yrs,50080,47678
2021-09-02,80+,26420,27105
2021-09-03,12-17yrs,51038,39759
2021-09-03,18-29yrs,114063,85133
2021-09-03,30-39yrs,93632,79289
2021-09-03,40-49yrs,93719,80125
2021-09-03,50-59yrs,104381,89073
2021-09-03,60-69yrs,83972,76273
2021-09-03,70-79yrs,50080,47689
2021-09-03,80+,26420,27108
2021-09-04,12-17yrs,51038,39977
2021-09-04,18-29yrs,114063,85448
2021-09-04,30-39yrs,93632,79510
2021-09-04,40-49yrs,93719,80248
2021-09-04,50-59yrs,104381,89128
2021-09-04,60-69yrs,83972,76262
2021-09-04,70-79yrs,50080,47696
2021-09-04,80+,26420,27099
2021-09-05,12-17yrs,51038,40107
2021-09-05,18-29yrs,114063,85640
2021-09-05,30-39yrs,93632,79648
2021-09-05,40-49yrs,93719,80347
2021-09-05,50-59yrs,104381,89177
2021-09-05,60-69yrs,83972,76277
2021-09-05,70-79yrs,50080,47702
2021-09-05,80+,26420,27103
2021-09-06,12-17yrs,51038,40240
2021-09-06,18-29yrs,114063,85822
2021-09-06,30-39yrs,93632,79768
2021-09-06,40-49yrs,93719,80435
2021-09-06,50-59yrs,104381,89223
2021-09-06,60-69yrs,83972,76299
2021-09-06,70-79yrs,50080,47704
2021-09-06,80+,26420,27105
2021-09-07,12-17yrs,51038,40344
2021-09-07,18-29yrs,114063,85954
2021-09-07,30-39yrs,93632,79874
2021-09-07,40-49yrs,93719,80494
2021-09-07,50-59yrs,104381,89254
2021-09-07,60-69yrs,83972,76308
2021-09-07,70-79yrs,50080,47706
2021-09-07,80+,26420,27107
2021-09-08,12-17yrs,51038,40544
2021-09-08,18-29yrs,114063,86256
2021-09-08,30-39yrs,93632,80098
2021-09-08,40-49yrs,93719,80642
2021-09-08,50-59yrs,104381,89340
2021-09-08,60-69yrs,83972,76346
2021-09-08,70-79yrs,50080,47726
2021-09-08,80+,26420,27111
2021-09-09,12-17yrs,51038,40673
2021-09-09,18-29yrs,114063,86558
2021-09-09,30-39yrs,93632,80324
2021-09-09,40-49yrs,93719,80779
2021-09-09,50-59yrs,104381,89433
2021-09-09,60-69yrs,83972,76406
2021-09-09,70-79yrs,50080,47738
2021-09-09,80+,26420,27122
2021-09-10,12-17yrs,51038,40738
2021-09-10,18-29yrs,114063,86766
2021-09-10,30-39yrs,93632,80497
2021-09-10,40-49yrs,93719,80893
2021-09-10,50-59yrs,104381,89501
2021-09-10,60-69yrs,83972,76441
2021-09-10,70-79yrs,50080,47756
2021-09-10,80+,26420,27126
2021-09-11,12-17yrs,51038,40872
2021-09-11,18-29yrs,114063,86968
2021-09-11,30-39yrs,93632,80656
2021-09-11,40-49yrs,93719,81027
2021-09-11,50-59yrs,104381,89575
2021-09-11,60-69yrs,83972,76469
2021-09-11,70-79yrs,50080,47766
2021-09-11,80+,26420,27131
2021-09-12,12-17yrs,51038,41015
2021-09-12,18-29yrs,114063,87188
2021-09-12,30-39yrs,93632,80823
2021-09-12,40-49yrs,93719,81135
2021-09-12,50-59yrs,104381,89654
2021-09-12,60-69yrs,83972,76498
2021-09-12,70-79yrs,50080,47770
2021-09-12,80+,26420,27136
2021-09-13,12-17yrs,51038,41043
2021-09-13,18-29yrs,114063,87279
2021-09-13,30-39yrs,93632,80899
2021-09-13,40-49yrs,93719,81169
2021-09-13,50-59yrs,104381,89682
2021-09-13,60-69yrs,83972,76505
2021-09-13,70-79yrs,50080,47769
2021-09-13,80+,26420,27137
2021-09-14,12-17yrs,51038,41146
2021-09-14,18-29yrs,114063,87478
2021-09-14,30-39yrs,93632,81063
2021-09-14,40-49yrs,93719,81258
2021-09-14,50-59yrs,104381,89753
2021-09-14,60-69yrs,83972,76531
2021-09-14,70-79yrs,50080,47780
2021-09-14,80+,26420,27144
2021-09-15,12-17yrs,51038,41257
2021-09-15,18-29yrs,114063,87721
2021-09-15,30-39yrs,93632,81277
2021-09-15,40-49yrs,93719,81378
2021-09-15,50-59yrs,104381,89829
2021-09-15,60-69yrs,83972,76586
2021-09-15,70-79yrs,50080,47791
2021-09-15,80+,26420,27154
2021-09-16,12-17yrs,51038,41344
2021-09-16,18-29yrs,114063,87918
2021-09-16,30-39yrs,93632,81447
2021-09-16,40-49yrs,93719,81472
2021-09-16,50-59yrs,104381,89893
2021-09-16,60-69yrs,83972,76614
2021-09-16,70-79yrs,50080,47797
2021-09-16,80+,26420,27161
2021-09-17,12-17yrs,51038,41443
2021-09-17,18-29yrs,114063,88113
2021-09-17,30-39yrs,93632,81614
2021-09-17,40-49yrs,93719,81589
2021-09-17,50-59yrs,104381,89982
2021-09-17,60-69yrs,83972,76650
2021-09-17,70-79yrs,50080,47811
2021-09-17,80+,26420,27167
2021-09-18,12-17yrs,51038,41535
2021-09-18,18-29yrs,114063,88327
2021-09-18,30-39yrs,93632,81840
2021-09-18,40-49yrs,93719,81710
2021-09-18,50-59yrs,104381,90057
2021-09-18,60-69yrs,83972,76699
2021-09-18,70-79yrs,50080,47827
2021-09-18,80+,26420,27168
2021-09-19,12-17yrs,51038,41617
2021-09-19,18-29yrs,114063,88518
2021-09-19,30-39yrs,93632,82001
2021-09-19,40-49yrs,93719,81803
2021-09-19,50-59yrs,104381,90110
2021-09-19,60-69yrs,83972,76719
2021-09-19,70-79yrs,50080,47841
2021-09-19,80+,26420,27174
2021-09-20,12-17yrs,51038,41629
2021-09-20,18-29yrs,114063,88567
2021-09-20,30-39yrs,93632,82032
2021-09-20,40-49yrs,93719,81833
2021-09-20,50-59yrs,104381,90130
2021-09-20,60-69yrs,83972,76726
2021-09-20,70-79yrs,50080,47843
2021-09-20,80+,26420,27176
2021-09-21,12-17yrs,51038,41705
2021-09-21,18-29yrs,114063,88725
2021-09-21,30-39yrs,93632,82179
2021-09-21,40-49yrs,93719,81935
2021-09-21,50-59yrs,104381,90179
2021-09-21,60-69yrs,83972,76755
2021-09-21,70-79yrs,50080,47857
2021-09-21,80+,26420,27188
2021-09-22,12-17yrs,51038,41826
2021-09-22,18-29yrs,114063,88992
2021-09-22,30-39yrs,93632,82384
2021-09-22,40-49yrs,93719,82074
2021-09-22,50-59yrs,104381,90271
2021-09-22,60-69yrs,83972,76802
2021-09-22,70-79yrs,50080,47882
2021-09-22,80+,26420,27201
2021-09-23,12-17yrs,51038,41916
2021-09-23,18-29yrs,114063,89229
2021-09-23,30-39yrs,93632,82580
2021-09-23,40-49yrs,93719,82210
2021-09-23,50-59yrs,104381,90336
2021-09-23,60-69yrs,83972,76839
2021-09-23,70-79yrs,50080,47893
2021-09-23,80+,26420,27210
2021-09-24,12-17yrs,51038,42015
2021-09-24,18-29yrs,114063,89532
2021-09-24,30-39yrs,93632,82785
2021-09-24,40-49yrs,93719,82339
2021-09-24,50-59yrs,104381,90427
2021-09-24,60-69yrs,83972,76878
2021-09-24,70-79yrs,50080,47906
2021-09-24,80+,26420,27218
2021-09-25,12-17yrs,51038,42132
2021-09-25,18-29yrs,114063,89783
2021-09-25,30-39yrs,93632,83007
2021-09-25,40-49yrs,93719,82480
2021-09-25,50-59yrs,104381,90493
2021-09-25,60-69yrs,83972,76921
2021-09-25,70-79yrs,50080,47918
2021-09-25,80+,26420,27228
2021-09-26,12-17yrs,51038,42242
2021-09-26,18-29yrs,114063,89953
2021-09-26,30-39yrs,93632,83171
2021-09-26,40-49yrs,93719,82586
2021-09-26,50-59yrs,104381,90552
2021-09-26,60-69yrs,83972,76940
2021-09-26,70-79yrs,50080,47925
2021-09-26,80+,26420,27228
2021-09-27,12-17yrs,51038,42264
2021-09-27,18-29yrs,114063,89994
2021-09-27,30-39yrs,93632,83225
2021-09-27,40-49yrs,93719,82618
2021-09-27,50-59yrs,104381,90572
2021-09-27,60-69yrs,83972,76946
2021-09-27,70-79yrs,50080,47928
2021-09-27,80+,26420,27229
2021-09-28,12-17yrs,51038,42334
2021-09-28,18-29yrs,114063,90126
2021-09-28,30-39yrs,93632,83366
2021-09-28,40-49yrs,93719,82708
2021-09-28,50-59yrs,104381,90638
2021-09-28,60-69yrs,83972,76972
2021-09-28,70-79yrs,50080,47935
2021-09-28,80+,26420,27238
2021-09-29,12-17yrs,51038,42457
2021-09-29,18-29yrs,114063,90349
2021-09-29,30-39yrs,93632,83562
2021-09-29,40-49yrs,93719,82851
2021-09-29,50-59yrs,104381,90697
2021-09-29,60-69yrs,83972,77011
2021-09-29,70-79yrs,50080,47943
2021-09-29,80+,26420,27244
2021-09-30,12-17yrs,51038,42507
2021-09-30,18-29yrs,114063,90481
2021-09-30,30-39yrs,93632,83721
2021-09-30,40-49yrs,93719,82919
2021-09-30,50-59yrs,104381,90760
2021-09-30,60-69yrs,83972,77043
2021-09-30,70-79yrs,50080,47960
2021-09-30,80+,26420,27246
2021-10-01,12-17yrs,51038,42598
2021-10-01,18-29yrs,114063,90652
2021-10-01,30-39yrs,93632,83879
2021-10-01,40-49yrs,93719,83053
2021-10-01,50-59yrs,104381,90836
2021-10-01,60-69yrs,83972,77067
2021-10-01,70-79yrs,50080,47966
2021-10-01,80+,26420,27251
2021-10-02,12-17yrs,51038,42674
2021-10-02,18-29yrs,114063,90840
2021-10-02,30-39yrs,93632,84049
2021-10-02,40-49yrs,93719,83140
2021-10-02,50-59yrs,104381,90905
2021-10-02,60-69yrs,83972,77105
2021-10-02,70-79yrs,50080,47971
2021-10-02,80+,26420,27250
2021-10-03,12-17yrs,51038,42738
2021-10-03,18-29yrs,114063,90957
2021-10-03,30-39yrs,93632,84148
2021-10-03,40-49yrs,93719,83206
2021-10-03,50-59yrs,104381,90945
2021-10-03,60-69yrs,83972,77127
2021-10-03,70-79yrs,50080,47976
2021-10-03,80+,26420,27253
2021-10-04,12-17yrs,51038,42771
2021-10-04,18-29yrs,114063,91018
2021-10-04,30-39yrs,93632,84194
2021-10-04,40-49yrs,93719,83243
2021-10-04,50-59yrs,104381,90974
2021-10-04,60-69yrs,83972,77135
2021-10-04,70-79yrs,50080,47981
2021-10-04,80+,26420,27256
2021-10-05,12-17yrs,51038,42807
2021-10-05,18-29yrs,114063,91144
2021-10-05,30-39yrs,93632,84303
2021-10-05,40-49yrs,93719,83318
2021-10-05,50-59yrs,104381,91041
2021-10-05,60-69yrs,83972,77170
2021-10-05,70-79yrs,50080,47996
2021-10-05,80+,26420,27260
2021-10-06,12-17yrs,51038,42878
2021-10-06,18-29yrs,114063,91328
2021-10-06,30-39yrs,93632,84466
2021-10-06,40-49yrs,93719,83414
2021-10-06,50-59yrs,104381,91089
2021-10-06,60-69yrs,83972,77203
2021-10-06,70-79yrs,50080,48015
2021-10-06,80+,26420,27268
2021-10-07,12-17yrs,51038,42914
2021-10-07,18-29yrs,114063,91440
2021-10-07,30-39yrs,93632,84562
2021-10-07,40-49yrs,93719,83489
2021-10-07,50-59yrs,104381,91143
2021-10-07,60-69yrs,83972,77231
2021-10-07,70-79yrs,50080,48026
2021-10-07,80+,26420,27273
2021-10-08,12-17yrs,51038,42965
2021-10-08,18-29yrs,114063,91586
2021-10-08,30-39yrs,93632,84696
2021-10-08,40-49yrs,93719,83583
2021-10-08,50-59yrs,104381,91202
2021-10-08,60-69yrs,83972,77267
2021-10-08,70-79yrs,50080,48042
2021-10-08,80+,26420,27278
2021-10-09,12-17yrs,51038,43044
2021-10-09,18-29yrs,114063,91762
2021-10-09,30-39yrs,93632,84862
2021-10-09,40-49yrs,93719,83682
2021-10-09,50-59yrs,104381,91280
2021-10-09,60-69yrs,83972,77320
2021-10-09,70-79yrs,50080,48060
2021-10-09,80+,26420,27283
2021-10-10,12-17yrs,51038,43133
2021-10-10,18-29yrs,114063,91869
2021-10-10,30-39yrs,93632,84965
2021-10-10,40-49yrs,93719,83779
2021-10-10,50-59yrs,104381,91331
2021-10-10,60-69yrs,83972,77353
2021-10-10,70-79yrs,50080,48071
2021-10-10,80+,26420,27292
2021-10-11,12-17yrs,51038,43142
2021-10-11,18-29yrs,114063,91897
2021-10-11,30-39yrs,93632,84997
2021-10-11,40-49yrs,93719,83795
2021-10-11,50-59yrs,104381,91348
2021-10-11,60-69yrs,83972,77355
2021-10-11,70-79yrs,50080,48073
2021-10-11,80+,26420,27292
2021-10-12,12-17yrs,51038,43149
2021-10-12,18-29yrs,114063,91906
2021-10-12,30-39yrs,93632,85012
2021-10-12,40-49yrs,93719,83804
2021-10-12,50-59yrs,104381,91357
2021-10-12,60-69yrs,83972,77356
2021-10-12,70-79yrs,50080,48073
2021-10-12,80+,26420,27292
2021-10-13,12-17yrs,51038,43215
2021-10-13,18-29yrs,114063,92046
2021-10-13,30-39yrs,93632,85158
2021-10-13,40-49yrs,93719,83912
2021-10-13,50-59yrs,104381,91416
2021-10-13,60-69yrs,83972,77393
2021-10-13,70-79yrs,50080,48094
2021-10-13,80+,26420,27294
2021-10-14,12-17yrs,51038,43282
2021-10-14,18-29yrs,114063,92203
2021-10-14,30-39yrs,93632,85315
2021-10-14,40-49yrs,93719,83990
2021-10-14,50-59yrs,104381,91475
2021-10-14,60-69yrs,83972,77435
2021-10-14,70-79yrs,50080,48112
2021-10-14,80+,26420,27303
2021-10-15,12-17yrs,51038,43336
2021-10-15,18-29yrs,114063,92345
2021-10-15,30-39yrs,93632,85447
2021-10-15,40-49yrs,93719,84090
2021-10-15,50-59yrs,104381,91546
2021-10-15,60-69yrs,83972,77465
2021-10-15,70-79yrs,50080,48145
2021-10-15,80+,26420,27335
2021-10-16,12-17yrs,51038,43412
2021-10-16,18-29yrs,114063,92461
2021-10-16,30-39yrs,93632,85542
2021-10-16,40-49yrs,93719,84161
2021-10-16,50-59yrs,104381,91602
2021-10-16,60-69yrs,83972,77502
2021-10-16,70-79yrs,50080,48156
2021-10-16,80+,26420,27342
2021-10-17,12-17yrs,51038,43506
2021-10-17,18-29yrs,114063,92562
2021-10-17,30-39yrs,93632,85650
2021-10-17,40-49yrs,93719,84240
2021-10-17,50-59yrs,104381,91642
2021-10-17,60-69yrs,83972,77527
2021-10-17,70-79yrs,50080,48163
2021-10-17,80+,26420,27343
2021-10-18,12-17yrs,51038,43527
2021-10-18,18-29yrs,114063,92616
2021-10-18,30-39yrs,93632,85692
2021-10-18,40-49yrs,93719,84272
2021-10-18,50-59yrs,104381,91656
2021-10-18,60-69yrs,83972,77535
2021-10-18,70-79yrs,50080,48169
2021-10-18,80+,26420,27342
2021-10-19,12-17yrs,51038,43567
2021-10-19,18-29yrs,114063,92709
2021-10-19,30-39yrs,93632,85775
2021-10-19,40-49yrs,93719,84319
2021-10-19,50-59yrs,104381,91682
2021-10-19,60-69yrs,83972,77559
2021-10-19,70-79yrs,50080,48176
2021-10-19,80+,26420,27347
2021-10-20,12-17yrs,51038,43616
2021-10-20,18-29yrs,114063,92807
2021-10-20,30-39yrs,93632,85865
2021-10-20,40-49yrs,93719,84391
2021-10-20,50-59yrs,104381,91740
2021-10-20,60-69yrs,83972,77583
2021-10-20,70-79yrs,50080,48187
2021-10-20,80+,26420,27354
2021-10-21,12-17yrs,51038,43652
2021-10-21,18-29yrs,114063,92905
2021-10-21,30-39yrs,93632,85949
2021-10-21,40-49yrs,93719,84453
2021-10-21,50-59yrs,104381,91793
2021-10-21,60-69yrs,83972,77612
2021-10-21,70-79yrs,50080,48208
2021-10-21,80+,26420,27366
2021-10-22,12-17yrs,51038,43702
2021-10-22,18-29yrs,114063,93012
2021-10-22,30-39yrs,93632,86058
2021-10-22,40-49yrs,93719,84522
2021-10-22,50-59yrs,104381,91832
2021-10-22,60-69yrs,83972,77644
2021-10-22,70-79yrs,50080,48219
2021-10-22,80+,26420,27372
2021-10-23,12-17yrs,51038,43746
2021-10-23,18-29yrs,114063,93118
2021-10-23,30-39yrs,93632,86158
2021-10-23,40-49yrs,93719,84599
2021-10-23,50-59yrs,104381,91874
2021-10-23,60-69yrs,83972,77677
2021-10-23,70-79yrs,50080,48224
2021-10-23,80+,26420,27377
2021-10-24,12-17yrs,51038,43789
2021-10-24,18-29yrs,114063,93194
2021-10-24,30-39yrs,93632,86245
2021-10-24,40-49yrs,93719,84652
2021-10-24,50-59yrs,104381,91910
2021-10-24,60-69yrs,83972,77698
2021-10-24,70-79yrs,50080,48229
2021-10-24,80+,26420,27378
2021-10-25,12-17yrs,51038,43794
2021-10-25,18-29yrs,114063,93213
2021-10-25,30-39yrs,93632,86261
2021-10-25,40-49yrs,93719,84656
2021-10-25,50-59yrs,104381,91916
2021-10-25,60-69yrs,83972,77703
2021-10-25,70-79yrs,50080,48230
2021-10-25,80+,26420,27380
2021-10-26,12-17yrs,51038,43811
2021-10-26,18-29yrs,114063,93267
2021-10-26,30-39yrs,93632,86317
2021-10-26,40-49yrs,93719,84701
2021-10-26,50-59yrs,104381,91949
2021-10-26,60-69yrs,83972,77724
2021-10-26,70-79yrs,50080,48240
2021-10-26,80+,26420,27391
2021-10-27,12-17yrs,51038,43861
2021-10-27,18-29yrs,114063,93401
2021-10-27,30-39yrs,93632,86436
2021-10-27,40-49yrs,93719,84775
2021-10-27,50-59yrs,104381,91994
2021-10-27,60-69yrs,83972,77746
2021-10-27,70-79yrs,50080,48250
2021-10-27,80+,26420,27399
2021-10-28,12-17yrs,51038,43898
2021-10-28,18-29yrs,114063,93496
2021-10-28,30-39yrs,93632,86506
2021-10-28,40-49yrs,93719,84838
2021-10-28,50-59yrs,104381,92018
2021-10-28,60-69yrs,83972,77765
2021-10-28,70-79yrs,50080,48268
2021-10-28,80+,26420,27398
2021-10-29,12-17yrs,51038,43923
2021-10-29,18-29yrs,114063,93572
2021-10-29,30-39yrs,93632,86579
2021-10-29,40-49yrs,93719,84884
2021-10-29,50-59yrs,104381,92058
2021-10-29,60-69yrs,83972,77790
2021-10-29,70-79yrs,50080,48279
2021-10-29,80+,26420,27401
2021-10-30,12-17yrs,51038,43964
2021-10-30,18-29yrs,114063,93658
2021-10-30,30-39yrs,93632,86682
2021-10-30,40-49yrs,93719,84952
2021-10-30,50-59yrs,104381,92114
2021-10-30,60-69yrs,83972,77809
2021-10-30,70-79yrs,50080,48286
2021-10-30,80+,26420,27407
2021-10-31,12-17yrs,51038,43990
2021-10-31,18-29yrs,114063,93718
2021-10-31,30-39yrs,93632,86732
2021-10-31,40-49yrs,93719,84987
2021-10-31,50-59yrs,104381,92137
2021-10-31,60-69yrs,83972,77819
2021-10-31,70-79yrs,50080,48290
2021-10-31,80+,26420,27407
2021-11-01,12-17yrs,51038,43993
2021-11-01,18-29yrs,114063,93737
2021-11-01,30-39yrs,93632,86757
2021-11-01,40-49yrs,93719,84999
2021-11-01,50-59yrs,104381,92145
2021-11-01,60-69yrs,83972,77820
2021-11-01,70-79yrs,50080,48290
2021-11-01,80+,26420,27406
2021-11-02,12-17yrs,51038,44014
2021-11-02,18-29yrs,114063,93820
2021-11-02,30-39yrs,93632,86852
2021-11-02,40-49yrs,93719,85049
2021-11-02,50-59yrs,104381,92218
2021-11-02,60-69yrs,83972,78039
2021-11-02,70-79yrs,50080,48378
2021-11-02,80+,26420,27418
2021-11-03,12-17yrs,51038,44056
2021-11-03,18-29yrs,114063,93942
2021-11-03,30-39yrs,93632,86999
2021-11-03,40-49yrs,93719,85197
2021-11-03,50-59yrs,104381,92342
2021-11-03,60-69yrs,83972,78135
2021-11-03,70-79yrs,50080,48387
2021-11-03,80+,26420,27423
2021-11-04,12-17yrs,51038,44084
2021-11-04,18-29yrs,114063,94149
2021-11-04,30-39yrs,93632,87298
2021-11-04,40-49yrs,93719,85436
2021-11-04,50-59yrs,104381,92456
2021-11-04,60-69yrs,83972,78169
2021-11-04,70-79yrs,50080,48397
2021-11-04,80+,26420,27425
2021-11-05,12-17yrs,51038,44242
2021-11-05,18-29yrs,114063,94296
2021-11-05,30-39yrs,93632,87459
2021-11-05,40-49yrs,93719,85518
2021-11-05,50-59yrs,104381,92500
2021-11-05,60-69yrs,83972,78190
2021-11-05,70-79yrs,50080,48400
2021-11-05,80+,26420,27423
2021-11-06,12-17yrs,51038,44277
2021-11-06,18-29yrs,114063,94341
2021-11-06,30-39yrs,93632,87501
2021-11-06,40-49yrs,93719,85545
2021-11-06,50-59yrs,104381,92521
2021-11-06,60-69yrs,83972,78201
2021-11-06,70-79yrs,50080,48402
2021-11-06,80+,26420,27420
2021-11-07,12-17yrs,51038,44302
2021-11-07,18-29yrs,114063,94392
2021-11-07,30-39yrs,93632,87552
2021-11-07,40-49yrs,93719,85567
2021-11-07,50-59yrs,104381,92534
2021-11-07,60-69yrs,83972,78210
2021-11-07,70-79yrs,50080,48409
2021-11-07,80+,26420,27421
2021-11-08,12-17yrs,51038,44320
2021-11-08,18-29yrs,114063,94438
2021-11-08,30-39yrs,93632,87612
2021-11-08,40-49yrs,93719,85606
2021-11-08,50-59yrs,104381,92557
2021-11-08,60-69yrs,83972,78216
2021-11-08,70-79yrs,50080,48415
2021-11-08,80+,26420,27424
2021-11-09,12-17yrs,51038,44346
2021-11-09,18-29yrs,114063,94494
2021-11-09,30-39yrs,93632,87670
2021-11-09,40-49yrs,93719,85652
2021-11-09,50-59yrs,104381,92585
2021-11-09,60-69yrs,83972,78224
2021-11-09,70-79yrs,50080,48422
2021-11-09,80+,26420,27427
2021-11-10,12-17yrs,51038,44388
2021-11-10,18-29yrs,114063,94564
2021-11-10,30-39yrs,93632,87726
2021-11-10,40-49yrs,93719,85701
2021-11-10,50-59yrs,104381,92623
2021-11-10,60-69yrs,83972,78233
2021-11-10,70-79yrs,50080,48436
2021-11-10,80+,26420,27430
2021-11-11,12-17yrs,51038,44408
2021-11-11,18-29yrs,114063,94632
2021-11-11,30-39yrs,93632,87792
2021-11-11,40-49yrs,93719,85724
2021-11-11,50-59yrs,104381,92645
2021-11-11,60-69yrs,83972,78247
2021-11-11,70-79yrs,50080,48444
2021-11-11,80+,26420,27433
2021-11-12,12-17yrs,51038,44443
2021-11-12,18-29yrs,114063,94697
2021-11-12,30-39yrs,93632,87843
2021-11-12,40-49yrs,93719,85759
2021-11-12,50-59yrs,104381,92673
2021-11-12,60-69yrs,83972,78257
2021-11-12,70-79yrs,50080,48450
2021-11-12,80+,26420,27440
2021-11-13,12-17yrs,51038,44484
2021-11-13,18-29yrs,114063,94799
2021-11-13,30-39yrs,93632,87911
2021-11-13,40-49yrs,93719,85822
2021-11-13,50-59yrs,104381,92699
2021-11-13,60-69yrs,83972,78276
2021-11-13,70-79yrs,50080,48465
2021-11-13,80+,26420,27447
2021-11-14,12-17yrs,51038,44523
2021-11-14,18-29yrs,114063,94835
2021-11-14,30-39yrs,93632,87944
2021-11-14,40-49yrs,93719,85848
2021-11-14,50-59yrs,104381,92719
2021-11-14,60-69yrs,83972,78287
2021-11-14,70-79yrs,50080,48472
2021-11-14,80+,26420,27449
2021-11-15,12-17yrs,51038,44539
2021-11-15,18-29yrs,114063,94861
2021-11-15,30-39yrs,93632,87969
2021-11-15,40-49yrs,93719,85861
2021-11-15,50-59yrs,104381,92732
2021-11-15,60-69yrs,83972,78296
2021-11-15,70-79yrs,50080,48475
2021-11-15,80+,26420,27448
2021-11-16,12-17yrs,51038,44552
2021-11-16,18-29yrs,114063,94917
2021-11-16,30-39yrs,93632,88006
2021-11-16,40-49yrs,93719,85894
2021-11-16,50-59yrs,104381,92753
2021-11-16,60-69yrs,83972,78303
2021-11-16,70-79yrs,50080,48477
2021-11-16,80+,26420,27453
2021-11-17,12-17yrs,51038,44591
2021-11-17,18-29yrs,114063,94972
2021-11-17,30-39yrs,93632,88076
2021-11-17,40-49yrs,93719,85940
2021-11-17,50-59yrs,104381,92764
2021-11-17,60-69yrs,83972,78319
2021-11-17,70-79yrs,50080,48486
2021-11-17,80+,26420,27456
2021-11-18,12-17yrs,51038,44609
2021-11-18,18-29yrs,114063,95038
2021-11-18,30-39yrs,93632,88129
2021-11-18,40-49yrs,93719,85969
2021-11-18,50-59yrs,104381,92782
2021-11-18,60-69yrs,83972,78322
2021-11-18,70-79yrs,50080,48495
2021-11-18,80+,26420,27459
2021-11-19,12-17yrs,51038,44628
2021-11-19,18-29yrs,114063,95093
2021-11-19,30-39yrs,93632,88184
2021-11-19,40-49yrs,93719,86014
2021-11-19,50-59yrs,104381,92800
2021-11-19,60-69yrs,83972,78339
2021-11-19,70-79yrs,50080,48504
2021-11-19,80+,26420,27458
2021-11-20,12-17yrs,51038,44662
2021-11-20,18-29yrs,114063,95144
2021-11-20,30-39yrs,93632,88263
2021-11-20,40-49yrs,93719,86048
2021-11-20,50-59yrs,104381,92839
2021-11-20,60-69yrs,83972,78348
2021-11-20,70-79yrs,50080,48510
2021-11-20,80+,26420,27468
2021-11-21,12-17yrs,51038,44692
2021-11-21,18-29yrs,114063,95185
2021-11-21,30-39yrs,93632,88297
2021-11-21,40-49yrs,93719,86075
2021-11-21,50-59yrs,104381,92858
2021-11-21,60-69yrs,83972,78360
2021-11-21,70-79yrs,50080,48516
2021-11-21,80+,26420,27472
2021-11-22,12-17yrs,51038,44701
2021-11-22,18-29yrs,114063,95207
2021-11-22,30-39yrs,93632,88312
2021-11-22,40-49yrs,93719,86088
2021-11-22,50-59yrs,104381,92869
2021-11-22,60-69yrs,83972,78368
2021-11-22,70-79yrs,50080,48519
2021-11-22,80+,26420,27473
2021-11-23,12-17yrs,51038,44713
2021-11-23,18-29yrs,114063,95276
2021-11-23,30-39yrs,93632,88380
2021-11-23,40-49yrs,93719,86111
2021-11-23,50-59yrs,104381,92888
2021-11-23,60-69yrs,83972,78392
2021-11-23,70-79yrs,50080,48535
2021-11-23,80+,26420,27474
2021-11-24,12-17yrs,51038,44737
2021-11-24,18-29yrs,114063,95326
2021-11-24,30-39yrs,93632,88413
2021-11-24,40-49yrs,93719,86135
2021-11-24,50-59yrs,104381,92905
2021-11-24,60-69yrs,83972,78406
2021-11-24,70-79yrs,50080,48545
2021-11-24,80+,26420,27473
2021-11-25,12-17yrs,51038,44764
2021-11-25,18-29yrs,114063,95380
2021-11-25,30-39yrs,93632,88467
2021-11-25,40-49yrs,93719,86171
2021-11-25,50-59yrs,104381,92937
2021-11-25,60-69yrs,83972,78428
2021-11-25,70-79yrs,50080,48551
2021-11-25,80+,26420,27474
2021-11-26,12-17yrs,51038,44775
2021-11-26,18-29yrs,114063,95424
2021-11-26,30-39yrs,93632,88512
2021-11-26,40-49yrs,93719,86203
2021-11-26,50-59yrs,104381,92955
2021-11-26,60-69yrs,83972,78438
2021-11-26,70-79yrs,50080,48554
2021-11-26,80+,26420,27479
2021-11-27,12-17yrs,51038,44790
2021-11-27,18-29yrs,114063,95454
2021-11-27,30-39yrs,93632,88544
2021-11-27,40-49yrs,93719,86228
2021-11-27,50-59yrs,104381,92967
2021-11-27,60-69yrs,83972,78449
2021-11-27,70-79yrs,50080,48561
2021-11-27,80+,26420,27481
2021-11-28,12-17yrs,51038,44801
2021-11-28,18-29yrs,114063,95482
2021-11-28,30-39yrs,93632,88562
2021-11-28,40-49yrs,93719,86247
2021-11-28,50-59yrs,104381,92979
2021-11-28,60-69yrs,83972,78461
2021-11-28,70-79yrs,50080,48565
2021-11-28,80+,26420,27481
2021-11-29,12-17yrs,51038,44813
2021-11-29,18-29yrs,114063,95507
2021-11-29,30-39yrs,93632,88577
2021-11-29,40-49yrs,93719,86253
2021-11-29,50-59yrs,104381,92984
2021-11-29,60-69yrs,83972,78462
2021-11-29,70-79yrs,50080,48572
2021-11-29,80+,26420,27481
2021-11-30,12-17yrs,51038,44832
2021-11-30,18-29yrs,114063,95547
2021-11-30,30-39yrs,93632,88618
2021-11-30,40-49yrs,93719,86268
2021-11-30,50-59yrs,104381,93000
2021-11-30,60-69yrs,83972,78472
2021-11-30,70-79yrs,50080,48584
2021-11-30,80+,26420,27486
2021-12-01,05-11yrs,59244,7245
2021-12-01,12-17yrs,51680,44863
2021-12-01,18-29yrs,113741,95616
2021-12-01,30-39yrs,95552,88680
2021-12-01,40-49yrs,94098,86309
2021-12-01,50-59yrs,102978,93025
2021-12-01,60-69yrs,81177,78500
2021-12-01,70-79yrs,47966,48619
2021-12-01,80+,25291,27499
2021-12-02,05-11yrs,59244,8153
2021-12-02,12-17yrs,51680,44890
2021-12-02,18-29yrs,113741,95640
2021-12-02,30-39yrs,95552,88705
2021-12-02,40-49yrs,94098,86323
2021-12-02,50-59yrs,102978,93033
2021-12-02,60-69yrs,81177,78503
2021-12-02,70-79yrs,47966,48623
2021-12-02,80+,25291,27500
2021-12-03,05-11yrs,59244,8884
2021-12-03,12-17yrs,51680,44913
2021-12-03,18-29yrs,113741,95687
2021-12-03,30-39yrs,95552,88736
2021-12-03,40-49yrs,94098,86341
2021-12-03,50-59yrs,102978,93050
2021-12-03,60-69yrs,81177,78516
2021-12-03,70-79yrs,47966,48628
2021-12-03,80+,25291,27502
2021-12-04,05-11yrs,59244,10232
2021-12-04,12-17yrs,51680,44943
2021-12-04,18-29yrs,113741,95732
2021-12-04,30-39yrs,95552,88783
2021-12-04,40-49yrs,94098,86372
2021-12-04,50-59yrs,102978,93069
2021-12-04,60-69yrs,81177,78531
2021-12-04,70-79yrs,47966,48636
2021-12-04,80+,25291,27507
2021-12-05,05-11yrs,59244,11458
2021-12-05,12-17yrs,51680,44951
2021-12-05,18-29yrs,113741,95747
2021-12-05,30-39yrs,95552,88796
2021-12-05,40-49yrs,94098,86383
2021-12-05,50-59yrs,102978,93074
2021-12-05,60-69yrs,81177,78532
2021-12-05,70-79yrs,47966,48636
2021-12-05,80+,25291,27508
2021-12-06,05-11yrs,59244,12508
2021-12-06,12-17yrs,51680,44967
2021-12-06,18-29yrs,113741,95754
2021-12-06,30-39yrs,95552,88826
2021-12-06,40-49yrs,94098,86397
2021-12-06,50-59yrs,102978,93084
2021-12-06,60-69yrs,81177,78534
2021-12-06,70-79yrs,47966,48637
2021-12-06,80+,25291,27509
2021-12-07,05-11yrs,59244,13132
2021-12-07,12-17yrs,51680,44997
2021-12-07,18-29yrs,113741,95801
2021-12-07,30-39yrs,95552,88869
2021-12-07,40-49yrs,94098,86421
2021-12-07,50-59yrs,102978,93098
2021-12-07,60-69yrs,81177,78546
2021-12-07,70-79yrs,47966,48647
2021-12-07,80+,25291,27516
2021-12-08,05-11yrs,59244,13922
2021-12-08,12-17yrs,51680,45009
2021-12-08,18-29yrs,113741,95842
2021-12-08,30-39yrs,95552,88907
2021-12-08,40-49yrs,94098,86455
2021-12-08,50-59yrs,102978,93109
2021-12-08,60-69yrs,81177,78570
2021-12-08,70-79yrs,47966,48663
2021-12-08,80+,25291,27520
2021-12-09,05-11yrs,59244,14690
2021-12-09,12-17yrs,51680,45030
2021-12-09,18-29yrs,113741,95872
2021-12-09,30-39yrs,95552,88942
2021-12-09,40-49yrs,94098,86482
2021-12-09,50-59yrs,102978,93134
2021-12-09,60-69yrs,81177,78574
2021-12-09,70-79yrs,47966,48675
2021-12-09,80+,25291,27522
2021-12-10,05-11yrs,59244,15160
2021-12-10,12-17yrs,51680,45051
2021-12-10,18-29yrs,113741,95915
2021-12-10,30-39yrs,95552,88985
2021-12-10,40-49yrs,94098,86512
2021-12-10,50-59yrs,102978,93159
2021-12-10,60-69yrs,81177,78589
2021-12-10,70-79yrs,47966,48686
2021-12-10,80+,25291,27532
2021-12-11,05-11yrs,59244,15806
2021-12-11,12-17yrs,51680,45069
2021-12-11,18-29yrs,113741,95935
2021-12-11,30-39yrs,95552,89016
2021-12-11,40-49yrs,94098,86533
2021-12-11,50-59yrs,102978,93174
2021-12-11,60-69yrs,81177,78607
2021-12-11,70-79yrs,47966,48697
2021-12-11,80+,25291,27543
2021-12-12,05-11yrs,59244,16750
2021-12-12,12-17yrs,51680,45076
2021-12-12,18-29yrs,113741,95951
2021-12-12,30-39yrs,95552,89036
2021-12-12,40-49yrs,94098,86547
2021-12-12,50-59yrs,102978,93179
2021-12-12,60-69yrs,81177,78609
2021-12-12,70-79yrs,47966,48697
2021-12-12,80+,25291,27546
2021-12-13,05-11yrs,59244,17266
2021-12-13,12-17yrs,51680,45086
2021-12-13,18-29yrs,113741,95964
2021-12-13,30-39yrs,95552,89062
2021-12-13,40-49yrs,94098,86558
2021-12-13,50-59yrs,102978,93185
2021-12-13,60-69yrs,81177,78608
2021-12-13,70-79yrs,47966,48704
2021-12-13,80+,25291,27546
2021-12-14,05-11yrs,59244,17694
2021-12-14,12-17yrs,51680,45115
2021-12-14,18-29yrs,113741,95995
2021-12-14,30-39yrs,95552,89083
2021-12-14,40-49yrs,94098,86574
2021-12-14,50-59yrs,102978,93199
2021-12-14,60-69yrs,81177,78620
2021-12-14,70-79yrs,47966,48716
2021-12-14,80+,25291,27550
2021-12-15,05-11yrs,59244,17848
2021-12-15,12-17yrs,51680,45160
2021-12-15,18-29yrs,113741,96038
2021-12-15,30-39yrs,95552,89123
2021-12-15,40-49yrs,94098,86601
2021-12-15,50-59yrs,102978,93216
2021-12-15,60-69yrs,81177,78637
2021-12-15,70-79yrs,47966,48742
2021-12-15,80+,25291,27562
2021-12-16,05-11yrs,59244,18167
2021-12-16,12-17yrs,51680,45190
2021-12-16,18-29yrs,113741,96077
2021-12-16,30-39yrs,95552,89170
2021-12-16,40-49yrs,94098,86634
2021-12-16,50-59yrs,102978,93235
2021-12-16,60-69yrs,81177,78668
2021-12-16,70-79yrs,47966,48755
2021-12-16,80+,25291,27572
2021-12-17,05-11yrs,59244,18942
2021-12-17,12-17yrs,51680,45215
2021-12-17,18-29yrs,113741,96121
2021-12-17,30-39yrs,95552,89218
2021-12-17,40-49yrs,94098,86665
2021-12-17,50-59yrs,102978,93275
2021-12-17,60-69yrs,81177,78719
2021-12-17,70-79yrs,47966,48773
2021-12-17,80+,25291,27600
2021-12-18,05-11yrs,59244,19966
2021-12-18,12-17yrs,51680,45233
2021-12-18,18-29yrs,113741,96142
2021-12-18,30-39yrs,95552,89233
2021-12-18,40-49yrs,94098,86673
2021-12-18,50-59yrs,102978,93277
2021-12-18,60-69yrs,81177,78719
2021-12-18,70-79yrs,47966,48779
2021-12-18,80+,25291,27604
2021-12-19,05-11yrs,59244,21038
2021-12-19,12-17yrs,51680,45239
2021-12-19,18-29yrs,113741,96151
2021-12-19,30-39yrs,95552,89247
2021-12-19,40-49yrs,94098,86688
2021-12-19,50-59yrs,102978,93287
2021-12-19,60-69yrs,81177,78721
2021-12-19,70-79yrs,47966,48785
2021-12-19,80+,25291,27605
2021-12-20,05-11yrs,59244,21656
2021-12-20,12-17yrs,51680,45252
2021-12-20,18-29yrs,113741,96171
2021-12-20,30-39yrs,95552,89261
2021-12-20,40-49yrs,94098,86694
2021-12-20,50-59yrs,102978,93288
2021-12-20,60-69yrs,81177,78721
2021-12-20,70-79yrs,47966,48790
2021-12-20,80+,25291,27621
2021-12-21,05-11yrs,59244,22407
2021-12-21,12-17yrs,51680,45282
2021-12-21,18-29yrs,113741,96208
2021-12-21,30-39yrs,95552,89296
2021-12-21,40-49yrs,94098,86720
2021-12-21,50-59yrs,102978,93290
2021-12-21,60-69yrs,81177,78737
2021-12-21,70-79yrs,47966,48798
2021-12-21,80+,25291,27620
2021-12-22,05-11yrs,59244,23019
2021-12-22,12-17yrs,51680,45311
2021-12-22,18-29yrs,113741,96251
2021-12-22,30-39yrs,95552,89355
2021-12-22,40-49yrs,94098,86754
2021-12-22,50-59yrs,102978,93298
2021-12-22,60-69yrs,81177,78762
2021-12-22,70-79yrs,47966,48857
2021-12-22,80+,25291,27634
2021-12-23,05-11yrs,59244,23579
2021-12-23,12-17yrs,51680,45331
2021-12-23,18-29yrs,113741,96296
2021-12-23,30-39yrs,95552,89414
2021-12-23,40-49yrs,94098,86769
2021-12-23,50-59yrs,102978,93308
2021-12-23,60-69yrs,81177,78767
2021-12-23,70-79yrs,47966,48889
2021-12-23,80+,25291,27648
2021-12-24,05-11yrs,59244,23698
2021-12-24,12-17yrs,51680,45359
2021-12-24,18-29yrs,113741,96366
2021-12-24,30-39yrs,95552,89494
2021-12-24,40-49yrs,94098,86819
2021-12-24,50-59yrs,102978,93353
2021-12-24,60-69yrs,81177,78784
2021-12-24,70-79yrs,47966,48928
2021-12-24,80+,25291,27657
2021-12-25,05-11yrs,59244,23761
2021-12-25,12-17yrs,51680,45361
2021-12-25,18-29yrs,113741,96389
2021-12-25,30-39yrs,95552,89529
2021-12-25,40-49yrs,94098,86827
2021-12-25,50-59yrs,102978,93363
2021-12-25,60-69yrs,81177,78795
2021-12-25,70-79yrs,47966,48930
2021-12-25,80+,25291,27660
2021-12-26,05-11yrs,59244,23775
2021-12-26,12-17yrs,51680,45361
2021-12-26,18-29yrs,113741,96392
2021-12-26,30-39yrs,95552,89530
2021-12-26,40-49yrs,94098,86829
2021-12-26,50-59yrs,102978,93362
2021-12-26,60-69yrs,81177,78794
2021-12-26,70-79yrs,47966,48930
2021-12-26,80+,25291,27660
2021-12-27,05-11yrs,59244,23804
2021-12-27,12-17yrs,51680,45367
2021-12-27,18-29yrs,113741,96421
2021-12-27,30-39yrs,95552,89548
2021-12-27,40-49yrs,94098,86839
2021-12-27,50-59yrs,102978,93366
2021-12-27,60-69yrs,81177,78801
2021-12-27,70-79yrs,47966,48937
2021-12-27,80+,25291,27663
2021-12-28,05-11yrs,59244,24012
2021-12-28,12-17yrs,51680,45379
2021-12-28,18-29yrs,113741,96476
2021-12-28,30-39yrs,95552,89563
2021-12-28,40-49yrs,94098,86850
2021-12-28,50-59yrs,102978,93377
2021-12-28,60-69yrs,81177,78819
2021-12-28,70-79yrs,47966,48945
2021-12-28,80+,25291,27668
2021-12-29,05-11yrs,59244,24278
2021-12-29,12-17yrs,51680,45394
2021-12-29,18-29yrs,113741,96553
2021-12-29,30-39yrs,95552,89602
2021-12-29,40-49yrs,94098,86875
2021-12-29,50-59yrs,102978,93401
2021-12-29,60-69yrs,81177,78834
2021-12-29,70-79yrs,47966,48955
2021-12-29,80+,25291,27670
2021-12-30,05-11yrs,59244,24706
2021-12-30,12-17yrs,51680,45408
2021-12-30,18-29yrs,113741,96617
2021-12-30,30-39yrs,95552,89641
2021-12-30,40-49yrs,94098,86901
2021-12-30,50-59yrs,102978,93419
2021-12-30,60-69yrs,81177,78874
2021-12-30,70-79yrs,47966,48967
2021-12-30,80+,25291,27670
2021-12-31,05-11yrs,59244,24899
2021-12-31,12-17yrs,51680,45441
2021-12-31,18-29yrs,113741,96706
2021-12-31,30-39yrs,95552,89707
2021-12-31,40-49yrs,94098,86930
2021-12-31,50-59yrs,102978,93445
2021-12-31,60-69yrs,81177,78918
2021-12-31,70-79yrs,47966,48989
2021-12-31,80+,25291,27674
2022-01-01,05-11yrs,59244,25013
2022-01-01,12-17yrs,51680,45458
2022-01-01,18-29yrs,113741,96745
2022-01-01,30-39yrs,95552,89718
2022-01-01,40-49yrs,94098,86950
2022-01-01,50-59yrs,102978,93453
2022-01-01,60-69yrs,81177,78920
2022-01-01,70-79yrs,47966,48993
2022-01-01,80+,25291,27671
2022-01-02,05-11yrs,59244,25039
2022-01-02,12-17yrs,51680,45465
2022-01-02,18-29yrs,113741,96760
2022-01-02,30-39yrs,95552,89741
2022-01-02,40-49yrs,94098,86955
2022-01-02,50-59yrs,102978,93463
2022-01-02,60-69yrs,81177,78931
2022-01-02,70-79yrs,47966,49000
2022-01-02,80+,25291,27672
2022-01-03,05-11yrs,59244,25201
2022-01-03,12-17yrs,51680,45477
2022-01-03,18-29yrs,113741,96776
2022-01-03,30-39yrs,95552,89767
2022-01-03,40-49yrs,94098,86971
2022-01-03,50-59yrs,102978,93484
2022-01-03,60-69yrs,81177,78960
2022-01-03,70-79yrs,47966,49012
2022-01-03,80+,25291,27678
2022-01-04,05-11yrs,59244,25338
2022-01-04,12-17yrs,51680,45496
2022-01-04,18-29yrs,113741,96820
2022-01-04,30-39yrs,95552,89859
2022-01-04,40-49yrs,94098,87022
2022-01-04,50-59yrs,102978,93529
2022-01-04,60-69yrs,81177,78988
2022-01-04,70-79yrs,47966,49032
2022-01-04,80+,25291,27680
2022-01-05,05-11yrs,59244,25492
2022-01-05,12-17yrs,51680,45523
2022-01-05,18-29yrs,113741,96900
2022-01-05,30-39yrs,95552,89942
2022-01-05,40-49yrs,94098,87076
2022-01-05,50-59yrs,102978,93629
2022-01-05,60-69yrs,81177,79135
2022-01-05,70-79yrs,47966,49079
2022-01-05,80+,25291,27695
2022-01-06,05-11yrs,59244,25673
2022-01-06,12-17yrs,51680,45544
2022-01-06,18-29yrs,113741,96981
2022-01-06,30-39yrs,95552,90044
2022-01-06,40-49yrs,94098,87173
2022-01-06,50-59yrs,102978,93735
2022-01-06,60-69yrs,81177,79193
2022-01-06,70-79yrs,47966,49099
2022-01-06,80+,25291,27699
2022-01-07,05-11yrs,59244,25871
2022-01-07,12-17yrs,51680,45565
2022-01-07,18-29yrs,113741,97081
2022-01-07,30-39yrs,95552,90145
2022-01-07,40-49yrs,94098,87264
2022-01-07,50-59yrs,102978,93811
2022-01-07,60-69yrs,81177,79241
2022-01-07,70-79yrs,47966,49116
2022-01-07,80+,25291,27710
2022-01-08,05-11yrs,59244,26318
2022-01-08,12-17yrs,51680,45580
2022-01-08,18-29yrs,113741,97193
2022-01-08,30-39yrs,95552,90242
2022-01-08,40-49yrs,94098,87331
2022-01-08,50-59yrs,102978,93912
2022-01-08,60-69yrs,81177,79276
2022-01-08,70-79yrs,47966,49129
2022-01-08,80+,25291,27721
2022-01-09,05-11yrs,59244,26542
2022-01-09,12-17yrs,51680,45605
2022-01-09,18-29yrs,113741,97213
2022-01-09,30-39yrs,95552,90274
2022-01-09,40-49yrs,94098,87342
2022-01-09,50-59yrs,102978,93919
2022-01-09,60-69yrs,81177,79284
2022-01-09,70-79yrs,47966,49134
2022-01-09,80+,25291,27720
2022-01-10,05-11yrs,59244,26706
2022-01-10,12-17yrs,51680,45621
2022-01-10,18-29yrs,113741,97254
2022-01-10,30-39yrs,95552,90322
2022-01-10,40-49yrs,94098,87372
2022-01-10,50-59yrs,102978,93948
2022-01-10,60-69yrs,81177,79303
2022-01-10,70-79yrs,47966,49142
2022-01-10,80+,25291,27728
2022-01-11,05-11yrs,59244,26824
2022-01-11,12-17yrs,51680,45713
2022-01-11,18-29yrs,113741,97416
2022-01-11,30-39yrs,95552,90497
2022-01-11,40-49yrs,94098,87460
2022-01-11,50-59yrs,102978,94011
2022-01-11,60-69yrs,81177,79334
2022-01-11,70-79yrs,47966,49165
2022-01-11,80+,25291,27729
2022-01-12,05-11yrs,59244,27190
2022-01-12,12-17yrs,51680,45760
2022-01-12,18-29yrs,113741,97482
2022-01-12,30-39yrs,95552,90591
2022-01-12,40-49yrs,94098,87518
2022-01-12,50-59yrs,102978,94065
2022-01-12,60-69yrs,81177,79393
2022-01-12,70-79yrs,47966,49184
2022-01-12,80+,25291,27738
2022-01-13,05-11yrs,59244,27392
2022-01-13,12-17yrs,51680,45795
2022-01-13,18-29yrs,113741,97571
2022-01-13,30-39yrs,95552,90688
2022-01-13,40-49yrs,94098,87585
2022-01-13,50-59yrs,102978,94134
2022-01-13,60-69yrs,81177,79629
2022-01-13,70-79yrs,47966,49357
2022-01-13,80+,25291,27770
2022-01-14,05-11yrs,59244,28155
2022-01-14,12-17yrs,51680,45816
2022-01-14,18-29yrs,113741,97631
2022-01-14,30-39yrs,95552,90740
2022-01-14,40-49yrs,94098,87633
2022-01-14,50-59yrs,102978,94185
2022-01-14,60-69yrs,81177,79699
2022-01-14,70-79yrs,47966,49382
2022-01-14,80+,25291,27772
2022-01-15,05-11yrs,59244,28665
2022-01-15,12-17yrs,51680,45856
2022-01-15,18-29yrs,113741,97729
2022-01-15,30-39yrs,95552,90838
2022-01-15,40-49yrs,94098,87718
2022-01-15,50-59yrs,102978,94258
2022-01-15,60-69yrs,81177,79757
2022-01-15,70-79yrs,47966,49397
2022-01-15,80+,25291,27773
2022-01-16,05-11yrs,59244,28934
2022-01-16,12-17yrs,51680,45882
2022-01-16,18-29yrs,113741,97838
2022-01-16,30-39yrs,95552,90981
2022-01-16,40-49yrs,94098,87807
2022-01-16,50-59yrs,102978,94326
2022-01-16,60-69yrs,81177,79778
2022-01-16,70-79yrs,47966,49410
2022-01-16,80+,25291,27774
2022-01-17,05-11yrs,59244,29397
2022-01-17,12-17yrs,51680,45912
2022-01-17,18-29yrs,113741,97926
2022-01-17,30-39yrs,95552,91089
2022-01-17,40-49yrs,94098,87859
2022-01-17,50-59yrs,102978,94359
2022-01-17,60-69yrs,81177,79803
2022-01-17,70-79yrs,47966,49430
2022-01-17,80+,25291,27776
2022-01-18,05-11yrs,59244,29402
2022-01-18,12-17yrs,51680,45914
2022-01-18,18-29yrs,113741,97921
2022-01-18,30-39yrs,95552,91094
2022-01-18,40-49yrs,94098,87862
2022-01-18,50-59yrs,102978,94358
2022-01-18,60-69yrs,81177,79799
2022-01-18,70-79yrs,47966,49434
2022-01-18,80+,25291,27776
2022-01-19,05-11yrs,59244,29547
2022-01-19,12-17yrs,51680,45933
2022-01-19,18-29yrs,113741,97980
2022-01-19,30-39yrs,95552,91164
2022-01-19,40-49yrs,94098,87903
2022-01-19,50-59yrs,102978,94391
2022-01-19,60-69yrs,81177,79826
2022-01-19,70-79yrs,47966,49449
2022-01-19,80+,25291,27774
2022-01-20,05-11yrs,59244,29767
2022-01-20,12-17yrs,51680,45949
2022-01-20,18-29yrs,113741,98011
2022-01-20,30-39yrs,95552,91226
2022-01-20,40-49yrs,94098,87932
2022-01-20,50-59yrs,102978,94400
2022-01-20,60-69yrs,81177,79855
2022-01-20,70-79yrs,47966,49452
2022-01-20,80+,25291,27778
2022-01-21,05-11yrs,59244,29956
2022-01-21,12-17yrs,51680,45966
2022-01-21,18-29yrs,113741,98050
2022-01-21,30-39yrs,95552,91287
2022-01-21,40-49yrs,94098,87941
2022-01-21,50-59yrs,102978,94393
2022-01-21,60-69yrs,81177,79861
2022-01-21,70-79yrs,47966,49447
2022-01-21,80+,25291,27775
2022-01-22,05-11yrs,59244,30568
2022-01-22,12-17yrs,51680,45980
2022-01-22,18-29yrs,113741,98030
2022-01-22,30-39yrs,95552,91250
2022-01-22,40-49yrs,94098,87919
2022-01-22,50-59yrs,102978,94307
2022-01-22,60-69yrs,81177,79815
2022-01-22,70-79yrs,47966,49431
2022-01-22,80+,25291,27766
2022-01-23,05-11yrs,59244,31057
2022-01-23,12-17yrs,51680,45986
2022-01-23,18-29yrs,113741,98021
2022-01-23,30-39yrs,95552,91226
2022-01-23,40-49yrs,94098,87884
2022-01-23,50-59yrs,102978,94287
2022-01-23,60-69yrs,81177,79798
2022-01-23,70-79yrs,47966,49424
2022-01-23,80+,25291,27762
2022-01-24,05-11yrs,59244,31209
2022-01-24,12-17yrs,51680,45988
2022-01-24,18-29yrs,113741,97964
2022-01-24,30-39yrs,95552,91203
2022-01-24,40-49yrs,94098,87853
2022-01-24,50-59yrs,102978,94248
2022-01-24,60-69yrs,81177,79768
2022-01-24,70-79yrs,47966,49364
2022-01-24,80+,25291,27756
2022-01-25,05-11yrs,59244,31261
2022-01-25,12-17yrs,51680,45999
2022-01-25,18-29yrs,113741,98005
2022-01-25,30-39yrs,95552,91233
2022-01-25,40-49yrs,94098,87805
2022-01-25,50-59yrs,102978,94198
2022-01-25,60-69yrs,81177,79762
2022-01-25,70-79yrs,47966,49360
2022-01-25,80+,25291,27757
2022-01-26,05-11yrs,59244,31441
2022-01-26,12-17yrs,51680,46009
2022-01-26,18-29yrs,113741,98004
2022-01-26,30-39yrs,95552,91263
2022-01-26,40-49yrs,94098,87802
2022-01-26,50-59yrs,102978,94182
2022-01-26,60-69yrs,81177,79759
2022-01-26,70-79yrs,47966,49362
2022-01-26,80+,25291,27758
2022-01-27,05-11yrs,59244,31781
2022-01-27,12-17yrs,51680,45997
2022-01-27,18-29yrs,113741,97928
2022-01-27,30-39yrs,95552,91227
2022-01-27,40-49yrs,94098,87772
2022-01-27,50-59yrs,102978,94128
2022-01-27,60-69yrs,81177,79755
2022-01-27,70-79yrs,47966,49370
2022-01-27,80+,25291,27760
2022-01-28,05-11yrs,59244,31932
2022-01-28,12-17yrs,51680,46013
2022-01-28,18-29yrs,113741,97925
2022-01-28,30-39yrs,95552,91247
2022-01-28,40-49yrs,94098,87769
2022-01-28,50-59yrs,102978,94127
2022-01-28,60-69yrs,81177,79748
2022-01-28,70-79yrs,47966,49347
2022-01-28,80+,25291,27750
2022-01-29,05-11yrs,59244,32140
2022-01-29,12-17yrs,51680,46020
2022-01-29,18-29yrs,113741,97975
2022-01-29,30-39yrs,95552,91316
2022-01-29,40-49yrs,94098,87783
2022-01-29,50-59yrs,102978,94146
2022-01-29,60-69yrs,81177,79772
2022-01-29,70-79yrs,47966,49350
2022-01-29,80+,25291,27754
2022-01-30,05-11yrs,59244,32314
2022-01-30,12-17yrs,51680,46030
2022-01-30,18-29yrs,113741,97998
2022-01-30,30-39yrs,95552,91356
2022-01-30,40-49yrs,94098,87797
2022-01-30,50-59yrs,102978,94158
2022-01-30,60-69yrs,81177,79787
2022-01-30,70-79yrs,47966,49354
2022-01-30,80+,25291,27756
2022-01-31,05-11yrs,59244,32390
2022-01-31,12-17yrs,51680,46038
2022-01-31,18-29yrs,113741,97928
2022-01-31,30-39yrs,95552,91280
2022-01-31,40-49yrs,94098,87716
2022-01-31,50-59yrs,102978,94115
2022-01-31,60-69yrs,81177,79779
2022-01-31,70-79yrs,47966,49354
2022-01-31,80+,25291,27755
2022-02-01,05-11yrs,59244,32480
2022-02-01,12-17yrs,51680,46055
2022-02-01,18-29yrs,113741,97978
2022-02-01,30-39yrs,95552,91318
2022-02-01,40-49yrs,94098,87739
2022-02-01,50-59yrs,102978,94103
2022-02-01,60-69yrs,81177,79779
2022-02-01,70-79yrs,47966,49367
2022-02-01,80+,25291,27759
2022-02-02,05-11yrs,59244,32590
2022-02-02,12-17yrs,51680,46062
2022-02-02,18-29yrs,113741,97973
2022-02-02,30-39yrs,95552,91262
2022-02-02,40-49yrs,94098,87670
2022-02-02,50-59yrs,102978,93993
2022-02-02,60-69yrs,81177,79723
2022-02-02,70-79yrs,47966,49352
2022-02-02,80+,25291,27751
2022-02-03,05-11yrs,59244,32678
2022-02-03,12-17yrs,51680,46070
2022-02-03,18-29yrs,113741,97787
2022-02-03,30-39yrs,95552,91094
2022-02-03,40-49yrs,94098,87459
2022-02-03,50-59yrs,102978,93853
2022-02-03,60-69yrs,81177,79555
2022-02-03,70-79yrs,47966,49290
2022-02-03,80+,25291,27711
2022-02-04,05-11yrs,59244,32765
2022-02-04,12-17yrs,51680,46077
2022-02-04,18-29yrs,113741,97560
2022-02-04,30-39yrs,95552,90807
2022-02-04,40-49yrs,94098,87285
2022-02-04,50-59yrs,102978,93724
2022-02-04,60-69yrs,81177,79479
2022-02-04,70-79yrs,47966,49170
2022-02-04,80+,25291,27666
2022-02-05,05-11yrs,59244,32830
2022-02-05,12-17yrs,51680,46050
2022-02-05,18-29yrs,113741,97500
2022-02-05,30-39yrs,95552,90744
2022-02-05,40-49yrs,94098,87196
2022-02-05,50-59yrs,102978,93651
2022-02-05,60-69yrs,81177,79448
2022-02-05,70-79yrs,47966,49155
2022-02-05,80+,25291,27660
2022-02-06,05-11yrs,59244,32962
2022-02-06,12-17yrs,51680,45999
2022-02-06,18-29yrs,113741,97393
2022-02-06,30-39yrs,95552,90635
2022-02-06,40-49yrs,94098,87111
2022-02-06,50-59yrs,102978,93595
2022-02-06,60-69yrs,81177,79420
2022-02-06,70-79yrs,47966,49142
2022-02-06,80+,25291,27655
2022-02-07,05-11yrs,59244,33021
2022-02-07,12-17yrs,51680,46009
2022-02-07,18-29yrs,113741,97412
2022-02-07,30-39yrs,95552,90655
2022-02-07,40-49yrs,94098,87121
2022-02-07,50-59yrs,102978,93604
2022-02-07,60-69yrs,81177,79423
2022-02-07,70-79yrs,47966,49145
2022-02-07,80+,25291,27655
2022-02-08,05-11yrs,59244,33065
2022-02-08,12-17yrs,51680,46005
2022-02-08,18-29yrs,113741,97384
2022-02-08,30-39yrs,95552,90623
2022-02-08,40-49yrs,94098,87098
2022-02-08,50-59yrs,102978,93554
2022-02-08,60-69yrs,81177,79374
2022-02-08,70-79yrs,47966,49133
2022-02-08,80+,25291,27649
2022-02-09,05-11yrs,59244,33118
2022-02-09,12-17yrs,51680,46008
2022-02-09,18-29yrs,113741,97408
2022-02-09,30-39yrs,95552,90637
2022-02-09,40-49yrs,94098,87091
2022-02-09,50-59yrs,102978,93545
2022-02-09,60-69yrs,81177,79366
2022-02-09,70-79yrs,47966,49134
2022-02-09,80+,25291,27650
2022-02-10,05-11yrs,59244,33193
2022-02-10,12-17yrs,51680,46013
2022-02-10,18-29yrs,113741,97459
2022-02-10,30-39yrs,95552,90673
2022-02-10,40-49yrs,94098,87108
2022-02-10,50-59yrs,102978,93560
2022-02-10,60-69yrs,81177,79369
2022-02-10,70-79yrs,47966,49138
2022-02-10,80+,25291,27653
2022-02-11,05-11yrs,59244,33319
2022-02-11,12-17yrs,51680,46033
2022-02-11,18-29yrs,113741,97551
2022-02-11,30-39yrs,95552,90782
2022-02-11,40-49yrs,94098,87164
2022-02-11,50-59yrs,102978,93617
2022-02-11,60-69yrs,81177,79420
2022-02-11,70-79yrs,47966,49157
2022-02-11,80+,25291,27655
2022-02-12,05-11yrs,59244,33455
2022-02-12,12-17yrs,51680,46056
2022-02-12,18-29yrs,113741,97596
2022-02-12,30-39yrs,95552,90843
2022-02-12,40-49yrs,94098,87196
2022-02-12,50-59yrs,102978,93631
2022-02-12,60-69yrs,81177,79434
2022-02-12,70-79yrs,47966,49159
2022-02-12,80+,25291,27658
2022-02-13,05-11yrs,59244,33567
2022-02-13,12-17yrs,51680,46063
2022-02-13,18-29yrs,113741,97624
2022-02-13,30-39yrs,95552,90869
2022-02-13,40-49yrs,94098,87212
2022-02-13,50-59yrs,102978,93648
2022-02-13,60-69yrs,81177,79444
2022-02-13,70-79yrs,47966,49161
2022-02-13,80+,25291,27661
2022-02-14,05-11yrs,59244,32529
2022-02-14,12-17yrs,51680,47305
2022-02-14,18-29yrs,113741,97596
2022-02-14,30-39yrs,95552,90924
2022-02-14,40-49yrs,94098,87258
2022-02-14,50-59yrs,102978,93648
2022-02-14,60-69yrs,81177,79477
2022-02-14,70-79yrs,47966,49177
2022-02-14,80+,25291,27676
2022-02-15,05-11yrs,59244,32545
2022-02-15,12-17yrs,51680,47312
2022-02-15,18-29yrs,113741,97607
2022-02-15,30-39yrs,95552,90940
2022-02-15,40-49yrs,94098,87274
2022-02-15,50-59yrs,102978,93654
2022-02-15,60-69yrs,81177,79483
2022-02-15,70-79yrs,47966,49178
2022-02-15,80+,25291,27678
2022-02-16,05-11yrs,59244,32580
2022-02-16,12-17yrs,51680,47329
2022-02-16,18-29yrs,113741,97643
2022-02-16,30-39yrs,95552,90961
2022-02-16,40-49yrs,94098,87284
2022-02-16,50-59yrs,102978,93664
2022-02-16,60-69yrs,81177,79490
2022-02-16,70-79yrs,47966,49182
2022-02-16,80+,25291,27684
2022-02-17,05-11yrs,59244,32611
2022-02-17,12-17yrs,51680,47343
2022-02-17,18-29yrs,113741,97676
2022-02-17,30-39yrs,95552,90980
2022-02-17,40-49yrs,94098,87302
2022-02-17,50-59yrs,102978,93676
2022-02-17,60-69yrs,81177,79494
2022-02-17,70-79yrs,47966,49184
2022-02-17,80+,25291,27686
2022-02-18,05-11yrs,59244,32626
2022-02-18,12-17yrs,51680,47352
2022-02-18,18-29yrs,113741,97707
2022-02-18,30-39yrs,95552,90999
2022-02-18,40-49yrs,94098,87304
2022-02-18,50-59yrs,102978,93684
2022-02-18,60-69yrs,81177,79499
2022-02-18,70-79yrs,47966,49191
2022-02-18,80+,25291,27689
2022-02-19,05-11yrs,59244,32682
2022-02-19,12-17yrs,51680,47365
2022-02-19,18-29yrs,113741,97719
2022-02-19,30-39yrs,95552,91024
2022-02-19,40-49yrs,94098,87311
2022-02-19,50-59yrs,102978,93696
2022-02-19,60-69yrs,81177,79508
2022-02-19,70-79yrs,47966,49194
2022-02-19,80+,25291,27689
2022-02-20,05-11yrs,59244,32726
2022-02-20,12-17yrs,51680,47383
2022-02-20,18-29yrs,113741,97735
2022-02-20,30-39yrs,95552,91036
2022-02-20,40-49yrs,94098,87316
2022-02-20,50-59yrs,102978,93699
2022-02-20,60-69yrs,81177,79509
2022-02-20,70-79yrs,47966,49197
2022-02-20,80+,25291,27689
2022-02-21,05-11yrs,59244,32752
2022-02-21,12-17yrs,51680,47401
2022-02-21,18-29yrs,113741,97743
2022-02-21,30-39yrs,95552,91043
2022-02-21,40-49yrs,94098,87323
2022-02-21,50-59yrs,102978,93702
2022-02-21,60-69yrs,81177,79513
2022-02-21,70-79yrs,47966,49198
2022-02-21,80+,25291,27691
2022-02-22,05-11yrs,59244,32766
2022-02-22,12-17yrs,51680,47409
2022-02-22,18-29yrs,113741,97756
2022-02-22,30-39yrs,95552,91056
2022-02-22,40-49yrs,94098,87325
2022-02-22,50-59yrs,102978,93707
2022-02-22,60-69yrs,81177,79521
2022-02-22,70-79yrs,47966,49200
2022-02-22,80+,25291,27691
2022-02-23,05-11yrs,59244,32801
2022-02-23,12-17yrs,51680,47418
2022-02-23,18-29yrs,113741,97772
2022-02-23,30-39yrs,95552,91071
2022-02-23,40-49yrs,94098,87334
2022-02-23,50-59yrs,102978,93712
2022-02-23,60-69yrs,81177,79527
2022-02-23,70-79yrs,47966,49203
2022-02-23,80+,25291,27690
2022-02-24,05-11yrs,59244,32850
2022-02-24,12-17yrs,51680,47432
2022-02-24,18-29yrs,113741,97790
2022-02-24,30-39yrs,95552,91087
2022-02-24,40-49yrs,94098,87346
2022-02-24,50-59yrs,102978,93726
2022-02-24,60-69yrs,81177,79537
2022-02-24,70-79yrs,47966,49205
2022-02-24,80+,25291,27692
2022-02-25,05-11yrs,59244,32887
2022-02-25,12-17yrs,51680,47451
2022-02-25,18-29yrs,113741,97820
2022-02-25,30-39yrs,95552,91102
2022-02-25,40-49yrs,94098,87355
2022-02-25,50-59yrs,102978,93732
2022-02-25,60-69yrs,81177,79544
2022-02-25,70-79yrs,47966,49211
2022-02-25,80+,25291,27695
2022-02-26,05-11yrs,59244,32945
2022-02-26,12-17yrs,51680,47468
2022-02-26,18-29yrs,113741,97841
2022-02-26,30-39yrs,95552,91120
2022-02-26,40-49yrs,94098,87364
2022-02-26,50-59yrs,102978,93738
2022-02-26,60-69yrs,81177,79550
2022-02-26,70-79yrs,47966,49212
2022-02-26,80+,25291,27697
2022-02-27,05-11yrs,59244,32990
2022-02-27,12-17yrs,51680,47478
2022-02-27,18-29yrs,113741,97874
2022-02-27,30-39yrs,95552,91144
2022-02-27,40-49yrs,94098,87367
2022-02-27,50-59yrs,102978,93746
2022-02-27,60-69yrs,81177,79566
2022-02-27,70-79yrs,47966,49213
2022-02-27,80+,25291,27698
2022-02-28,05-11yrs,59244,33008
2022-02-28,12-17yrs,51680,47490
2022-02-28,18-29yrs,113741,97893
2022-02-28,30-39yrs,95552,91155
2022-02-28,40-49yrs,94098,87375
2022-02-28,50-59yrs,102978,93759
2022-02-28,60-69yrs,81177,79567
2022-02-28,70-79yrs,47966,49215
2022-02-28,80+,25291,27698
2022-03-01,05-11yrs,59244,33036
2022-03-01,12-17yrs,51680,47504
2022-03-01,18-29yrs,113741,97914
2022-03-01,30-39yrs,95552,91173
2022-03-01,40-49yrs,94098,87383
2022-03-01,50-59yrs,102978,93769
2022-03-01,60-69yrs,81177,79579
2022-03-01,70-79yrs,47966,49218
2022-03-01,80+,25291,27700
2022-03-02,05-11yrs,59244,33057
2022-03-02,12-17yrs,51680,47519
2022-03-02,18-29yrs,113741,97941
2022-03-02,30-39yrs,95552,91174
2022-03-02,40-49yrs,94098,87393
2022-03-02,50-59yrs,102978,93775
2022-03-02,60-69yrs,81177,79581
2022-03-02,70-79yrs,47966,49227
2022-03-02,80+,25291,27700
2022-03-03,05-11yrs,59244,33090
2022-03-03,12-17yrs,51680,47531
2022-03-03,18-29yrs,113741,97967
2022-03-03,30-39yrs,95552,91195
2022-03-03,40-49yrs,94098,87401
2022-03-03,50-59yrs,102978,93783
2022-03-03,60-69yrs,81177,79585
2022-03-03,70-79yrs,47966,49230
2022-03-03,80+,25291,27701
2022-03-04,05-11yrs,59244,33135
2022-03-04,12-17yrs,51680,47546
2022-03-04,18-29yrs,113741,97988
2022-03-04,30-39yrs,95552,91212
2022-03-04,40-49yrs,94098,87406
2022-03-04,50-59yrs,102978,93785
2022-03-04,60-69yrs,81177,79597
2022-03-04,70-79yrs,47966,49231
2022-03-04,80+,25291,27702
2022-03-05,05-11yrs,59244,33164
2022-03-05,12-17yrs,51680,47557
2022-03-05,18-29yrs,113741,98006
2022-03-05,30-39yrs,95552,91228
2022-03-05,40-49yrs,94098,87412
2022-03-05,50-59yrs,102978,93790
2022-03-05,60-69yrs,81177,79603
2022-03-05,70-79yrs,47966,49233
2022-03-05,80+,25291,27702
2022-03-06,05-11yrs,59244,33205
2022-03-06,12-17yrs,51680,47574
2022-03-06,18-29yrs,113741,98015
2022-03-06,30-39yrs,95552,91238
2022-03-06,40-49yrs,94098,87413
2022-03-06,50-59yrs,102978,93794
2022-03-06,60-69yrs,81177,79605
2022-03-06,70-79yrs,47966,49236
2022-03-06,80+,25291,27702
2022-03-07,05-11yrs,59244,33224
2022-03-07,12-17yrs,51680,47581
2022-03-07,18-29yrs,113741,98018
2022-03-07,30-39yrs,95552,91243
2022-03-07,40-49yrs,94098,87419
2022-03-07,50-59yrs,102978,93794
2022-03-07,60-69yrs,81177,79606
2022-03-07,70-79yrs,47966,49238
2022-03-07,80+,25291,27703
2022-03-08,05-11yrs,59244,33254
2022-03-08,12-17yrs,51680,47592
2022-03-08,18-29yrs,113741,98033
2022-03-08,30-39yrs,95552,91251
2022-03-08,40-49yrs,94098,87435
2022-03-08,50-59yrs,102978,93814
2022-03-08,60-69yrs,81177,79628
2022-03-08,70-79yrs,47966,49252
2022-03-08,80+,25291,27710
2022-03-09,05-11yrs,59244,33306
2022-03-09,12-17yrs,51680,47641
2022-03-09,18-29yrs,113741,98105
2022-03-09,30-39yrs,95552,91303
2022-03-09,40-49yrs,94098,87484
2022-03-09,50-59yrs,102978,93842
2022-03-09,60-69yrs,81177,79646
2022-03-09,70-79yrs,47966,49256
2022-03-09,80+,25291,27711
2022-03-10,05-11yrs,59244,33382
2022-03-10,12-17yrs,51680,47660
2022-03-10,18-29yrs,113741,98129
2022-03-10,30-39yrs,95552,91331
2022-03-10,40-49yrs,94098,87500
2022-03-10,50-59yrs,102978,93853
2022-03-10,60-69yrs,81177,79663
2022-03-10,70-79yrs,47966,49258
2022-03-10,80+,25291,27715
2022-03-11,05-11yrs,59244,33402
2022-03-11,12-17yrs,51680,47672
2022-03-11,18-29yrs,113741,98138
2022-03-11,30-39yrs,95552,91345
2022-03-11,40-49yrs,94098,87509
2022-03-11,50-59yrs,102978,93861
2022-03-11,60-69yrs,81177,79665
2022-03-11,70-79yrs,47966,49261
2022-03-11,80+,25291,27715
2022-03-12,05-11yrs,59244,33428
2022-03-12,12-17yrs,51680,47675
2022-03-12,18-29yrs,113741,98156
2022-03-12,30-39yrs,95552,91357
2022-03-12,40-49yrs,94098,87514
2022-03-12,50-59yrs,102978,93865
2022-03-12,60-69yrs,81177,79669
2022-03-12,70-79yrs,47966,49262
2022-03-12,80+,25291,27722
2022-03-13,05-11yrs,59244,33450
2022-03-13,12-17yrs,51680,47680
2022-03-13,18-29yrs,113741,98162
2022-03-13,30-39yrs,95552,91367
2022-03-13,40-49yrs,94098,87521
2022-03-13,50-59yrs,102978,93870
2022-03-13,60-69yrs,81177,79671
2022-03-13,70-79yrs,47966,49264
2022-03-13,80+,25291,27722
