Date,age group,one dose cumulative
2021-07-26,12-17yrs,36557
2021-07-26,18-29yrs,66917
2021-07-26,30-39yrs,60705
2021-07-26,40-49yrs,77192
2021-07-26,50-59yrs,76063
2021-07-26,60-69yrs,57787
2021-07-26,70-79yrs,41277
2021-07-26,80+,26856
2021-07-27,12-17yrs,36788
2021-07-27,18-29yrs,67071
2021-07-27,30-39yrs,60821
2021-07-27,40-49yrs,77300
2021-07-27,50-59yrs,76151
2021-07-27,60-69yrs,57819
2021-07-27,70-79yrs,41300
2021-07-27,80+,26862
2021-07-28,12-17yrs,37055
2021-07-28,18-29yrs,67252
2021-07-28,30-39yrs,60966
2021-07-28,40-49yrs,77450
2021-07-28,50-59yrs,76258
2021-07-28,60-69yrs,57857
2021-07-28,70-79yrs,41318
2021-07-28,80+,26863
2021-07-29,12-17yrs,37296
2021-07-29,18-29yrs,67355
2021-07-29,30-39yrs,61058
2021-07-29,40-49yrs,77546
2021-07-29,50-59yrs,76296
2021-07-29,60-69yrs,57887
2021-07-29,70-79yrs,41336
2021-07-29,80+,26874
2021-07-30,12-17yrs,37580
2021-07-30,18-29yrs,67516
2021-07-30,30-39yrs,61200
2021-07-30,40-49yrs,77660
2021-07-30,50-59yrs,76403
2021-07-30,60-69yrs,57940
2021-07-30,70-79yrs,41363
2021-07-30,80+,26895
2021-07-31,12-17yrs,37885
2021-07-31,18-29yrs,67699
2021-07-31,30-39yrs,61349
2021-07-31,40-49yrs,77809
2021-07-31,50-59yrs,76511
2021-07-31,60-69yrs,57988
2021-07-31,70-79yrs,41382
2021-07-31,80+,26901
2021-08-01,12-17yrs,38147
2021-08-01,18-29yrs,67887
2021-08-01,30-39yrs,61495
2021-08-01,40-49yrs,77939
2021-08-01,50-59yrs,76617
2021-08-01,60-69yrs,58037
2021-08-01,70-79yrs,41397
2021-08-01,80+,26909
2021-08-02,12-17yrs,38203
2021-08-02,18-29yrs,67926
2021-08-02,30-39yrs,61544
2021-08-02,40-49yrs,77972
2021-08-02,50-59yrs,76638
2021-08-02,60-69yrs,58049
2021-08-02,70-79yrs,41400
2021-08-02,80+,26910
2021-08-03,12-17yrs,38238
2021-08-03,18-29yrs,67944
2021-08-03,30-39yrs,61569
2021-08-03,40-49yrs,77996
2021-08-03,50-59yrs,76652
2021-08-03,60-69yrs,58056
2021-08-03,70-79yrs,41404
2021-08-03,80+,26911
2021-08-04,12-17yrs,38308
2021-08-04,18-29yrs,68008
2021-08-04,30-39yrs,61645
2021-08-04,40-49yrs,78036
2021-08-04,50-59yrs,76684
2021-08-04,60-69yrs,58068
2021-08-04,70-79yrs,41415
2021-08-04,80+,26912
2021-08-05,12-17yrs,38405
2021-08-05,18-29yrs,68099
2021-08-05,30-39yrs,61704
2021-08-05,40-49yrs,78092
2021-08-05,50-59yrs,76725
2021-08-05,60-69yrs,58110
2021-08-05,70-79yrs,41424
2021-08-05,80+,26919
2021-08-06,12-17yrs,38469
2021-08-06,18-29yrs,68168
2021-08-06,30-39yrs,61752
2021-08-06,40-49yrs,78134
2021-08-06,50-59yrs,76758
2021-08-06,60-69yrs,58131
2021-08-06,70-79yrs,41445
2021-08-06,80+,26924
2021-08-07,12-17yrs,38551
2021-08-07,18-29yrs,68236
2021-08-07,30-39yrs,61822
2021-08-07,40-49yrs,78174
2021-08-07,50-59yrs,76802
2021-08-07,60-69yrs,58163
2021-08-07,70-79yrs,41466
2021-08-07,80+,26926
2021-08-08,12-17yrs,38595
2021-08-08,18-29yrs,68279
2021-08-08,30-39yrs,61880
2021-08-08,40-49yrs,78222
2021-08-08,50-59yrs,76819
2021-08-08,60-69yrs,58175
2021-08-08,70-79yrs,41469
2021-08-08,80+,26930
2021-08-09,12-17yrs,38660
2021-08-09,18-29yrs,68340
2021-08-09,30-39yrs,61919
2021-08-09,40-49yrs,78251
2021-08-09,50-59yrs,76847
2021-08-09,60-69yrs,58188
2021-08-09,70-79yrs,41474
2021-08-09,80+,26932
2021-08-10,12-17yrs,38736
2021-08-10,18-29yrs,68420
2021-08-10,30-39yrs,61982
2021-08-10,40-49yrs,78306
2021-08-10,50-59yrs,76894
2021-08-10,60-69yrs,58226
2021-08-10,70-79yrs,41496
2021-08-10,80+,26937
2021-08-11,12-17yrs,38743
2021-08-11,18-29yrs,68343
2021-08-11,30-39yrs,61955
2021-08-11,40-49yrs,78236
2021-08-11,50-59yrs,76784
2021-08-11,60-69yrs,58046
2021-08-11,70-79yrs,41337
2021-08-11,80+,26893
2021-08-12,12-17yrs,38840
2021-08-12,18-29yrs,68430
2021-08-12,30-39yrs,62013
2021-08-12,40-49yrs,78293
2021-08-12,50-59yrs,76818
2021-08-12,60-69yrs,58076
2021-08-12,70-79yrs,41352
2021-08-12,80+,26903
2021-08-13,12-17yrs,39002
2021-08-13,18-29yrs,68664
2021-08-13,30-39yrs,62185
2021-08-13,40-49yrs,78453
2021-08-13,50-59yrs,77039
2021-08-13,60-69yrs,58311
2021-08-13,70-79yrs,41556
2021-08-13,80+,26961
2021-08-14,12-17yrs,39100
2021-08-14,18-29yrs,68761
2021-08-14,30-39yrs,62263
2021-08-14,40-49yrs,78516
2021-08-14,50-59yrs,77098
2021-08-14,60-69yrs,58348
2021-08-14,70-79yrs,41579
2021-08-14,80+,26966
2021-08-15,12-17yrs,39156
2021-08-15,18-29yrs,68819
2021-08-15,30-39yrs,62340
2021-08-15,40-49yrs,78569
2021-08-15,50-59yrs,77139
2021-08-15,60-69yrs,58369
2021-08-15,70-79yrs,41580
2021-08-15,80+,26970
2021-08-16,12-17yrs,39226
2021-08-16,18-29yrs,68886
2021-08-16,30-39yrs,62389
2021-08-16,40-49yrs,78613
2021-08-16,50-59yrs,77163
2021-08-16,60-69yrs,58388
2021-08-16,70-79yrs,41590
2021-08-16,80+,26970
2021-08-17,12-17yrs,39341
2021-08-17,18-29yrs,68988
2021-08-17,30-39yrs,62466
2021-08-17,40-49yrs,78691
2021-08-17,50-59yrs,77206
2021-08-17,60-69yrs,58418
2021-08-17,70-79yrs,41602
2021-08-17,80+,26979
2021-08-18,12-17yrs,39435
2021-08-18,18-29yrs,69077
2021-08-18,30-39yrs,62528
2021-08-18,40-49yrs,78728
2021-08-18,50-59yrs,77241
2021-08-18,60-69yrs,58441
2021-08-18,70-79yrs,41615
2021-08-18,80+,26983
2021-08-19,12-17yrs,39810
2021-08-19,18-29yrs,69190
2021-08-19,30-39yrs,62593
2021-08-19,40-49yrs,78802
2021-08-19,50-59yrs,77288
2021-08-19,60-69yrs,58461
2021-08-19,70-79yrs,41627
2021-08-19,80+,26984
2021-08-20,12-17yrs,40085
2021-08-20,18-29yrs,69289
2021-08-20,30-39yrs,62660
2021-08-20,40-49yrs,78868
2021-08-20,50-59yrs,77343
2021-08-20,60-69yrs,58481
2021-08-20,70-79yrs,41635
2021-08-20,80+,26986
2021-08-21,12-17yrs,40313
2021-08-21,18-29yrs,69379
2021-08-21,30-39yrs,62732
2021-08-21,40-49yrs,78926
2021-08-21,50-59yrs,77393
2021-08-21,60-69yrs,58496
2021-08-21,70-79yrs,41639
2021-08-21,80+,26989
2021-08-22,12-17yrs,40507
2021-08-22,18-29yrs,69448
2021-08-22,30-39yrs,62809
2021-08-22,40-49yrs,78970
2021-08-22,50-59yrs,77439
2021-08-22,60-69yrs,58512
2021-08-22,70-79yrs,41648
2021-08-22,80+,26988
2021-08-23,12-17yrs,40601
2021-08-23,18-29yrs,69502
2021-08-23,30-39yrs,62841
2021-08-23,40-49yrs,79007
2021-08-23,50-59yrs,77456
2021-08-23,60-69yrs,58518
2021-08-23,70-79yrs,41651
2021-08-23,80+,26988
2021-08-24,12-17yrs,40848
2021-08-24,18-29yrs,69624
2021-08-24,30-39yrs,62930
2021-08-24,40-49yrs,79068
2021-08-24,50-59yrs,77498
2021-08-24,60-69yrs,58542
2021-08-24,70-79yrs,41659
2021-08-24,80+,26989
2021-08-25,12-17yrs,41008
2021-08-25,18-29yrs,69749
2021-08-25,30-39yrs,63030
2021-08-25,40-49yrs,79123
2021-08-25,50-59yrs,77552
2021-08-25,60-69yrs,58560
2021-08-25,70-79yrs,41674
2021-08-25,80+,26991
2021-08-26,12-17yrs,41209
2021-08-26,18-29yrs,69868
2021-08-26,30-39yrs,63099
2021-08-26,40-49yrs,79183
2021-08-26,50-59yrs,77593
2021-08-26,60-69yrs,58583
2021-08-26,70-79yrs,41685
2021-08-26,80+,26994
2021-08-27,12-17yrs,41353
2021-08-27,18-29yrs,69951
2021-08-27,30-39yrs,63175
2021-08-27,40-49yrs,79244
2021-08-27,50-59yrs,77637
2021-08-27,60-69yrs,58593
2021-08-27,70-79yrs,41697
2021-08-27,80+,26996
2021-08-28,12-17yrs,41492
2021-08-28,18-29yrs,70036
2021-08-28,30-39yrs,63251
2021-08-28,40-49yrs,79316
2021-08-28,50-59yrs,77682
2021-08-28,60-69yrs,58617
2021-08-28,70-79yrs,41706
2021-08-28,80+,26998
2021-08-29,12-17yrs,41636
2021-08-29,18-29yrs,70113
2021-08-29,30-39yrs,63319
2021-08-29,40-49yrs,79378
2021-08-29,50-59yrs,77728
2021-08-29,60-69yrs,58627
2021-08-29,70-79yrs,41711
2021-08-29,80+,26997
2021-08-30,12-17yrs,41752
2021-08-30,18-29yrs,70182
2021-08-30,30-39yrs,63355
2021-08-30,40-49yrs,79421
2021-08-30,50-59yrs,77757
2021-08-30,60-69yrs,58638
2021-08-30,70-79yrs,41719
2021-08-30,80+,26999
2021-08-31,12-17yrs,41930
2021-08-31,18-29yrs,70306
2021-08-31,30-39yrs,63419
2021-08-31,40-49yrs,79500
2021-08-31,50-59yrs,77801
2021-08-31,60-69yrs,58654
2021-08-31,70-79yrs,41724
2021-08-31,80+,27003
2021-09-01,12-17yrs,42099
2021-09-01,18-29yrs,70427
2021-09-01,30-39yrs,63494
2021-09-01,40-49yrs,79559
2021-09-01,50-59yrs,77839
2021-09-01,60-69yrs,58676
2021-09-01,70-79yrs,41738
2021-09-01,80+,27007
2021-09-02,12-17yrs,42196
2021-09-02,18-29yrs,70540
2021-09-02,30-39yrs,63583
2021-09-02,40-49yrs,79632
2021-09-02,50-59yrs,77888
2021-09-02,60-69yrs,58691
2021-09-02,70-79yrs,41755
2021-09-02,80+,27013
2021-09-03,12-17yrs,42353
2021-09-03,18-29yrs,70742
2021-09-03,30-39yrs,63729
2021-09-03,40-49yrs,79740
2021-09-03,50-59yrs,77963
2021-09-03,60-69yrs,58725
2021-09-03,70-79yrs,41762
2021-09-03,80+,27017
2021-09-04,12-17yrs,42535
2021-09-04,18-29yrs,70935
2021-09-04,30-39yrs,63891
2021-09-04,40-49yrs,79894
2021-09-04,50-59yrs,78059
2021-09-04,60-69yrs,58779
2021-09-04,70-79yrs,41777
2021-09-04,80+,27025
2021-09-05,12-17yrs,42649
2021-09-05,18-29yrs,71050
2021-09-05,30-39yrs,63989
2021-09-05,40-49yrs,79961
2021-09-05,50-59yrs,78118
2021-09-05,60-69yrs,58795
2021-09-05,70-79yrs,41782
2021-09-05,80+,27027
2021-09-06,12-17yrs,42717
2021-09-06,18-29yrs,71131
2021-09-06,30-39yrs,64033
2021-09-06,40-49yrs,80004
2021-09-06,50-59yrs,78143
2021-09-06,60-69yrs,58799
2021-09-06,70-79yrs,41785
2021-09-06,80+,27031
2021-09-07,12-17yrs,42745
2021-09-07,18-29yrs,71162
2021-09-07,30-39yrs,64052
2021-09-07,40-49yrs,80019
2021-09-07,50-59yrs,78150
2021-09-07,60-69yrs,58805
2021-09-07,70-79yrs,41786
2021-09-07,80+,27031
2021-09-08,12-17yrs,42873
2021-09-08,18-29yrs,71357
2021-09-08,30-39yrs,64154
2021-09-08,40-49yrs,80103
2021-09-08,50-59yrs,78207
2021-09-08,60-69yrs,58827
2021-09-08,70-79yrs,41797
2021-09-08,80+,27040
2021-09-09,12-17yrs,42950
2021-09-09,18-29yrs,71489
2021-09-09,30-39yrs,64244
2021-09-09,40-49yrs,80195
2021-09-09,50-59yrs,78256
2021-09-09,60-69yrs,58860
2021-09-09,70-79yrs,41810
2021-09-09,80+,27041
2021-09-10,12-17yrs,43012
2021-09-10,18-29yrs,71619
2021-09-10,30-39yrs,64332
2021-09-10,40-49yrs,80262
2021-09-10,50-59yrs,78307
2021-09-10,60-69yrs,58880
2021-09-10,70-79yrs,41821
2021-09-10,80+,27052
2021-09-11,12-17yrs,43113
2021-09-11,18-29yrs,71724
2021-09-11,30-39yrs,64430
2021-09-11,40-49yrs,80325
2021-09-11,50-59yrs,78352
2021-09-11,60-69yrs,58887
2021-09-11,70-79yrs,41822
2021-09-11,80+,27049
2021-09-12,12-17yrs,43210
2021-09-12,18-29yrs,71832
2021-09-12,30-39yrs,64503
2021-09-12,40-49yrs,80398
2021-09-12,50-59yrs,78395
2021-09-12,60-69yrs,58905
2021-09-12,70-79yrs,41827
2021-09-12,80+,27059
2021-09-13,12-17yrs,43246
2021-09-13,18-29yrs,71880
2021-09-13,30-39yrs,64536
2021-09-13,40-49yrs,80418
2021-09-13,50-59yrs,78414
2021-09-13,60-69yrs,58911
2021-09-13,70-79yrs,41832
2021-09-13,80+,27062
2021-09-14,12-17yrs,43286
2021-09-14,18-29yrs,71952
2021-09-14,30-39yrs,64593
2021-09-14,40-49yrs,80458
2021-09-14,50-59yrs,78442
2021-09-14,60-69yrs,58911
2021-09-14,70-79yrs,41838
2021-09-14,80+,27063
2021-09-15,12-17yrs,43385
2021-09-15,18-29yrs,72088
2021-09-15,30-39yrs,64700
2021-09-15,40-49yrs,80538
2021-09-15,50-59yrs,78503
2021-09-15,60-69yrs,58944
2021-09-15,70-79yrs,41842
2021-09-15,80+,27067
2021-09-16,12-17yrs,43454
2021-09-16,18-29yrs,72179
2021-09-16,30-39yrs,64788
2021-09-16,40-49yrs,80608
2021-09-16,50-59yrs,78545
2021-09-16,60-69yrs,58952
2021-09-16,70-79yrs,41848
2021-09-16,80+,27071
2021-09-17,12-17yrs,43516
2021-09-17,18-29yrs,72264
2021-09-17,30-39yrs,64873
2021-09-17,40-49yrs,80681
2021-09-17,50-59yrs,78603
2021-09-17,60-69yrs,58974
2021-09-17,70-79yrs,41858
2021-09-17,80+,27078
2021-09-18,12-17yrs,43617
2021-09-18,18-29yrs,72355
2021-09-18,30-39yrs,64971
2021-09-18,40-49yrs,80753
2021-09-18,50-59yrs,78660
2021-09-18,60-69yrs,58993
2021-09-18,70-79yrs,41876
2021-09-18,80+,27083
2021-09-19,12-17yrs,43690
2021-09-19,18-29yrs,72432
2021-09-19,30-39yrs,65037
2021-09-19,40-49yrs,80808
2021-09-19,50-59yrs,78692
2021-09-19,60-69yrs,59015
2021-09-19,70-79yrs,41883
2021-09-19,80+,27085
2021-09-20,12-17yrs,43718
2021-09-20,18-29yrs,72478
2021-09-20,30-39yrs,65083
2021-09-20,40-49yrs,80837
2021-09-20,50-59yrs,78709
2021-09-20,60-69yrs,59021
2021-09-20,70-79yrs,41890
2021-09-20,80+,27088
2021-09-21,12-17yrs,43766
2021-09-21,18-29yrs,72585
2021-09-21,30-39yrs,65175
2021-09-21,40-49yrs,80902
2021-09-21,50-59yrs,78748
2021-09-21,60-69yrs,59038
2021-09-21,70-79yrs,41913
2021-09-21,80+,27096
2021-09-22,12-17yrs,43858
2021-09-22,18-29yrs,72711
2021-09-22,30-39yrs,65284
2021-09-22,40-49yrs,80991
2021-09-22,50-59yrs,78809
2021-09-22,60-69yrs,59069
2021-09-22,70-79yrs,41919
2021-09-22,80+,27102
2021-09-23,12-17yrs,43948
2021-09-23,18-29yrs,72865
2021-09-23,30-39yrs,65391
2021-09-23,40-49yrs,81074
2021-09-23,50-59yrs,78869
2021-09-23,60-69yrs,59099
2021-09-23,70-79yrs,41937
2021-09-23,80+,27108
2021-09-24,12-17yrs,44025
2021-09-24,18-29yrs,72990
2021-09-24,30-39yrs,65494
2021-09-24,40-49yrs,81155
2021-09-24,50-59yrs,78932
2021-09-24,60-69yrs,59119
2021-09-24,70-79yrs,41954
2021-09-24,80+,27110
2021-09-25,12-17yrs,44138
2021-09-25,18-29yrs,73115
2021-09-25,30-39yrs,65604
2021-09-25,40-49yrs,81246
2021-09-25,50-59yrs,79004
2021-09-25,60-69yrs,59146
2021-09-25,70-79yrs,41967
2021-09-25,80+,27115
2021-09-26,12-17yrs,44245
2021-09-26,18-29yrs,73226
2021-09-26,30-39yrs,65687
2021-09-26,40-49yrs,81333
2021-09-26,50-59yrs,79065
2021-09-26,60-69yrs,59167
2021-09-26,70-79yrs,41974
2021-09-26,80+,27118
2021-09-27,12-17yrs,44301
2021-09-27,18-29yrs,73267
2021-09-27,30-39yrs,65735
2021-09-27,40-49yrs,81369
2021-09-27,50-59yrs,79092
2021-09-27,60-69yrs,59181
2021-09-27,70-79yrs,41981
2021-09-27,80+,27119
2021-09-28,12-17yrs,44355
2021-09-28,18-29yrs,73356
2021-09-28,30-39yrs,65799
2021-09-28,40-49yrs,81428
2021-09-28,50-59yrs,79126
2021-09-28,60-69yrs,59210
2021-09-28,70-79yrs,41993
2021-09-28,80+,27122
2021-09-29,12-17yrs,44444
2021-09-29,18-29yrs,73460
2021-09-29,30-39yrs,65873
2021-09-29,40-49yrs,81522
2021-09-29,50-59yrs,79173
2021-09-29,60-69yrs,59222
2021-09-29,70-79yrs,42008
2021-09-29,80+,27126
2021-09-30,12-17yrs,44492
2021-09-30,18-29yrs,73555
2021-09-30,30-39yrs,65932
2021-09-30,40-49yrs,81585
2021-09-30,50-59yrs,79218
2021-09-30,60-69yrs,59252
2021-09-30,70-79yrs,42021
2021-09-30,80+,27130
2021-10-01,12-17yrs,44553
2021-10-01,18-29yrs,73646
2021-10-01,30-39yrs,66001
2021-10-01,40-49yrs,81651
2021-10-01,50-59yrs,79272
2021-10-01,60-69yrs,59266
2021-10-01,70-79yrs,42031
2021-10-01,80+,27130
2021-10-02,12-17yrs,44612
2021-10-02,18-29yrs,73719
2021-10-02,30-39yrs,66067
2021-10-02,40-49yrs,81722
2021-10-02,50-59yrs,79320
2021-10-02,60-69yrs,59295
2021-10-02,70-79yrs,42052
2021-10-02,80+,27135
2021-10-03,12-17yrs,44669
2021-10-03,18-29yrs,73785
2021-10-03,30-39yrs,66135
2021-10-03,40-49yrs,81764
2021-10-03,50-59yrs,79355
2021-10-03,60-69yrs,59312
2021-10-03,70-79yrs,42060
2021-10-03,80+,27136
2021-10-04,12-17yrs,44698
2021-10-04,18-29yrs,73827
2021-10-04,30-39yrs,66179
2021-10-04,40-49yrs,81801
2021-10-04,50-59yrs,79383
2021-10-04,60-69yrs,59322
2021-10-04,70-79yrs,42067
2021-10-04,80+,27137
2021-10-05,12-17yrs,44728
2021-10-05,18-29yrs,73898
2021-10-05,30-39yrs,66244
2021-10-05,40-49yrs,81854
2021-10-05,50-59yrs,79411
2021-10-05,60-69yrs,59337
2021-10-05,70-79yrs,42087
2021-10-05,80+,27143
2021-10-06,12-17yrs,44775
2021-10-06,18-29yrs,73995
2021-10-06,30-39yrs,66336
2021-10-06,40-49yrs,81912
2021-10-06,50-59yrs,79464
2021-10-06,60-69yrs,59374
2021-10-06,70-79yrs,42103
2021-10-06,80+,27148
2021-10-07,12-17yrs,44804
2021-10-07,18-29yrs,74045
2021-10-07,30-39yrs,66380
2021-10-07,40-49yrs,81953
2021-10-07,50-59yrs,79504
2021-10-07,60-69yrs,59398
2021-10-07,70-79yrs,42114
2021-10-07,80+,27152
2021-10-08,12-17yrs,44857
2021-10-08,18-29yrs,74094
2021-10-08,30-39yrs,66447
2021-10-08,40-49yrs,82004
2021-10-08,50-59yrs,79535
2021-10-08,60-69yrs,59419
2021-10-08,70-79yrs,42123
2021-10-08,80+,27150
2021-10-09,12-17yrs,44924
2021-10-09,18-29yrs,74173
2021-10-09,30-39yrs,66517
2021-10-09,40-49yrs,82059
2021-10-09,50-59yrs,79578
2021-10-09,60-69yrs,59438
2021-10-09,70-79yrs,42126
2021-10-09,80+,27153
2021-10-10,12-17yrs,44994
2021-10-10,18-29yrs,74246
2021-10-10,30-39yrs,66580
2021-10-10,40-49yrs,82125
2021-10-10,50-59yrs,79628
2021-10-10,60-69yrs,59460
2021-10-10,70-79yrs,42133
2021-10-10,80+,27153
2021-10-11,12-17yrs,45012
2021-10-11,18-29yrs,74273
2021-10-11,30-39yrs,66613
2021-10-11,40-49yrs,82151
2021-10-11,50-59yrs,79641
2021-10-11,60-69yrs,59466
2021-10-11,70-79yrs,42140
2021-10-11,80+,27155
2021-10-12,12-17yrs,45021
2021-10-12,18-29yrs,74287
2021-10-12,30-39yrs,66620
2021-10-12,40-49yrs,82159
2021-10-12,50-59yrs,79650
2021-10-12,60-69yrs,59466
2021-10-12,70-79yrs,42142
2021-10-12,80+,27156
2021-10-13,12-17yrs,45067
2021-10-13,18-29yrs,74385
2021-10-13,30-39yrs,66689
2021-10-13,40-49yrs,82194
2021-10-13,50-59yrs,79692
2021-10-13,60-69yrs,59494
2021-10-13,70-79yrs,42152
2021-10-13,80+,27160
2021-10-14,12-17yrs,45117
2021-10-14,18-29yrs,74453
2021-10-14,30-39yrs,66771
2021-10-14,40-49yrs,82245
2021-10-14,50-59yrs,79740
2021-10-14,60-69yrs,59521
2021-10-14,70-79yrs,42163
2021-10-14,80+,27161
2021-10-15,12-17yrs,45155
2021-10-15,18-29yrs,74516
2021-10-15,30-39yrs,66828
2021-10-15,40-49yrs,82296
2021-10-15,50-59yrs,79779
2021-10-15,60-69yrs,59539
2021-10-15,70-79yrs,42171
2021-10-15,80+,27164
2021-10-16,12-17yrs,45199
2021-10-16,18-29yrs,74584
2021-10-16,30-39yrs,66892
2021-10-16,40-49yrs,82369
2021-10-16,50-59yrs,79821
2021-10-16,60-69yrs,59557
2021-10-16,70-79yrs,42176
2021-10-16,80+,27166
2021-10-17,12-17yrs,45256
2021-10-17,18-29yrs,74652
2021-10-17,30-39yrs,66921
2021-10-17,40-49yrs,82406
2021-10-17,50-59yrs,79855
2021-10-17,60-69yrs,59574
2021-10-17,70-79yrs,42181
2021-10-17,80+,27168
2021-10-18,12-17yrs,45287
2021-10-18,18-29yrs,74680
2021-10-18,30-39yrs,66963
2021-10-18,40-49yrs,82428
2021-10-18,50-59yrs,79872
2021-10-18,60-69yrs,59587
2021-10-18,70-79yrs,42182
2021-10-18,80+,27168
2021-10-19,12-17yrs,45307
2021-10-19,18-29yrs,74735
2021-10-19,30-39yrs,67016
2021-10-19,40-49yrs,82463
2021-10-19,50-59yrs,79892
2021-10-19,60-69yrs,59612
2021-10-19,70-79yrs,42187
2021-10-19,80+,27169
2021-10-20,12-17yrs,45372
2021-10-20,18-29yrs,74814
2021-10-20,30-39yrs,67079
2021-10-20,40-49yrs,82529
2021-10-20,50-59yrs,79938
2021-10-20,60-69yrs,59639
2021-10-20,70-79yrs,42196
2021-10-20,80+,27169
2021-10-21,12-17yrs,45426
2021-10-21,18-29yrs,74859
2021-10-21,30-39yrs,67133
2021-10-21,40-49yrs,82564
2021-10-21,50-59yrs,79978
2021-10-21,60-69yrs,59655
2021-10-21,70-79yrs,42205
2021-10-21,80+,27173
2021-10-22,12-17yrs,45476
2021-10-22,18-29yrs,74914
2021-10-22,30-39yrs,67176
2021-10-22,40-49yrs,82599
2021-10-22,50-59yrs,80009
2021-10-22,60-69yrs,59680
2021-10-22,70-79yrs,42219
2021-10-22,80+,27179
2021-10-23,12-17yrs,45525
2021-10-23,18-29yrs,74972
2021-10-23,30-39yrs,67238
2021-10-23,40-49yrs,82645
2021-10-23,50-59yrs,80060
2021-10-23,60-69yrs,59697
2021-10-23,70-79yrs,42228
2021-10-23,80+,27182
2021-10-24,12-17yrs,45600
2021-10-24,18-29yrs,75031
2021-10-24,30-39yrs,67281
2021-10-24,40-49yrs,82705
2021-10-24,50-59yrs,80098
2021-10-24,60-69yrs,59713
2021-10-24,70-79yrs,42240
2021-10-24,80+,27182
2021-10-25,12-17yrs,45622
2021-10-25,18-29yrs,75057
2021-10-25,30-39yrs,67294
2021-10-25,40-49yrs,82718
2021-10-25,50-59yrs,80112
2021-10-25,60-69yrs,59718
2021-10-25,70-79yrs,42242
2021-10-25,80+,27183
2021-10-26,12-17yrs,45643
2021-10-26,18-29yrs,75094
2021-10-26,30-39yrs,67333
2021-10-26,40-49yrs,82747
2021-10-26,50-59yrs,80143
2021-10-26,60-69yrs,59731
2021-10-26,70-79yrs,42253
2021-10-26,80+,27187
2021-10-27,12-17yrs,45687
2021-10-27,18-29yrs,75146
2021-10-27,30-39yrs,67381
2021-10-27,40-49yrs,82784
2021-10-27,50-59yrs,80169
2021-10-27,60-69yrs,59743
2021-10-27,70-79yrs,42259
2021-10-27,80+,27192
2021-10-28,12-17yrs,45732
2021-10-28,18-29yrs,75196
2021-10-28,30-39yrs,67435
2021-10-28,40-49yrs,82832
2021-10-28,50-59yrs,80206
2021-10-28,60-69yrs,59764
2021-10-28,70-79yrs,42272
2021-10-28,80+,27186
2021-10-29,12-17yrs,45775
2021-10-29,18-29yrs,75234
2021-10-29,30-39yrs,67484
2021-10-29,40-49yrs,82872
2021-10-29,50-59yrs,80230
2021-10-29,60-69yrs,59787
2021-10-29,70-79yrs,42276
2021-10-29,80+,27192
2021-10-30,12-17yrs,45802
2021-10-30,18-29yrs,75281
2021-10-30,30-39yrs,67519
2021-10-30,40-49yrs,82912
2021-10-30,50-59yrs,80262
2021-10-30,60-69yrs,59807
2021-10-30,70-79yrs,42286
2021-10-30,80+,27196
2021-10-31,12-17yrs,45850
2021-10-31,18-29yrs,75310
2021-10-31,30-39yrs,67552
2021-10-31,40-49yrs,82951
2021-10-31,50-59yrs,80289
2021-10-31,60-69yrs,59825
2021-10-31,70-79yrs,42294
2021-10-31,80+,27196
2021-11-01,12-17yrs,45858
2021-11-01,18-29yrs,75323
2021-11-01,30-39yrs,67563
2021-11-01,40-49yrs,82967
2021-11-01,50-59yrs,80301
2021-11-01,60-69yrs,59829
2021-11-01,70-79yrs,42296
2021-11-01,80+,27197
2021-11-02,12-17yrs,45883
2021-11-02,18-29yrs,75366
2021-11-02,30-39yrs,67595
2021-11-02,40-49yrs,82992
2021-11-02,50-59yrs,80328
2021-11-02,60-69yrs,59838
2021-11-02,70-79yrs,42307
2021-11-02,80+,27199
2021-11-03,12-17yrs,45914
2021-11-03,18-29yrs,75427
2021-11-03,30-39yrs,67629
2021-11-03,40-49yrs,83031
2021-11-03,50-59yrs,80361
2021-11-03,60-69yrs,59857
2021-11-03,70-79yrs,42318
2021-11-03,80+,27205
2021-11-04,12-17yrs,45949
2021-11-04,18-29yrs,75478
2021-11-04,30-39yrs,67670
2021-11-04,40-49yrs,83075
2021-11-04,50-59yrs,80401
2021-11-04,60-69yrs,59872
2021-11-04,70-79yrs,42336
2021-11-04,80+,27206
2021-11-05,12-17yrs,45977
2021-11-05,18-29yrs,75519
2021-11-05,30-39yrs,67712
2021-11-05,40-49yrs,83116
2021-11-05,50-59yrs,80422
2021-11-05,60-69yrs,59888
2021-11-05,70-79yrs,42344
2021-11-05,80+,27213
2021-11-06,12-17yrs,45996
2021-11-06,18-29yrs,75526
2021-11-06,30-39yrs,67720
2021-11-06,40-49yrs,83135
2021-11-06,50-59yrs,80439
2021-11-06,60-69yrs,59896
2021-11-06,70-79yrs,42350
2021-11-06,80+,27216
2021-11-07,12-17yrs,46045
2021-11-07,18-29yrs,75545
2021-11-07,30-39yrs,67749
2021-11-07,40-49yrs,83164
2021-11-07,50-59yrs,80457
2021-11-07,60-69yrs,59903
2021-11-07,70-79yrs,42355
2021-11-07,80+,27222
2021-11-08,12-17yrs,46074
2021-11-08,18-29yrs,75584
2021-11-08,30-39yrs,67786
2021-11-08,40-49yrs,83199
2021-11-08,50-59yrs,80482
2021-11-08,60-69yrs,59912
2021-11-08,70-79yrs,42359
2021-11-08,80+,27222
2021-11-09,12-17yrs,46081
2021-11-09,18-29yrs,75609
2021-11-09,30-39yrs,67827
2021-11-09,40-49yrs,83218
2021-11-09,50-59yrs,80514
2021-11-09,60-69yrs,59923
2021-11-09,70-79yrs,42363
2021-11-09,80+,27223
2021-11-10,12-17yrs,46104
2021-11-10,18-29yrs,75653
2021-11-10,30-39yrs,67885
2021-11-10,40-49yrs,83261
2021-11-10,50-59yrs,80554
2021-11-10,60-69yrs,59941
2021-11-10,70-79yrs,42372
2021-11-10,80+,27233
2021-11-11,12-17yrs,46142
2021-11-11,18-29yrs,75709
2021-11-11,30-39yrs,67946
2021-11-11,40-49yrs,83293
2021-11-11,50-59yrs,80583
2021-11-11,60-69yrs,59955
2021-11-11,70-79yrs,42393
2021-11-11,80+,27241
2021-11-12,12-17yrs,46171
2021-11-12,18-29yrs,75740
2021-11-12,30-39yrs,67989
2021-11-12,40-49yrs,83330
2021-11-12,50-59yrs,80626
2021-11-12,60-69yrs,59971
2021-11-12,70-79yrs,42398
2021-11-12,80+,27253
2021-11-13,12-17yrs,46202
2021-11-13,18-29yrs,75789
2021-11-13,30-39yrs,68035
2021-11-13,40-49yrs,83373
2021-11-13,50-59yrs,80648
2021-11-13,60-69yrs,59993
2021-11-13,70-79yrs,42411
2021-11-13,80+,27262
2021-11-14,12-17yrs,46271
2021-11-14,18-29yrs,75826
2021-11-14,30-39yrs,68073
2021-11-14,40-49yrs,83396
2021-11-14,50-59yrs,80673
2021-11-14,60-69yrs,59998
2021-11-14,70-79yrs,42422
2021-11-14,80+,27265
2021-11-15,12-17yrs,46279
2021-11-15,18-29yrs,75833
2021-11-15,30-39yrs,68080
2021-11-15,40-49yrs,83407
2021-11-15,50-59yrs,80683
2021-11-15,60-69yrs,59999
2021-11-15,70-79yrs,42421
2021-11-15,80+,27265
2021-11-16,12-17yrs,46295
2021-11-16,18-29yrs,75875
2021-11-16,30-39yrs,68121
2021-11-16,40-49yrs,83439
2021-11-16,50-59yrs,80707
2021-11-16,60-69yrs,60017
2021-11-16,70-79yrs,42428
2021-11-16,80+,27268
2021-11-17,12-17yrs,46335
2021-11-17,18-29yrs,75934
2021-11-17,30-39yrs,68181
2021-11-17,40-49yrs,83475
2021-11-17,50-59yrs,80742
2021-11-17,60-69yrs,60041
2021-11-17,70-79yrs,42436
2021-11-17,80+,27274
2021-11-18,12-17yrs,46353
2021-11-18,18-29yrs,75963
2021-11-18,30-39yrs,68230
2021-11-18,40-49yrs,83521
2021-11-18,50-59yrs,80771
2021-11-18,60-69yrs,60065
2021-11-18,70-79yrs,42443
2021-11-18,80+,27281
2021-11-19,12-17yrs,46375
2021-11-19,18-29yrs,76009
2021-11-19,30-39yrs,68261
2021-11-19,40-49yrs,83563
2021-11-19,50-59yrs,80790
2021-11-19,60-69yrs,60079
2021-11-19,70-79yrs,42453
2021-11-19,80+,27298
2021-11-20,12-17yrs,46410
2021-11-20,18-29yrs,76050
2021-11-20,30-39yrs,68302
2021-11-20,40-49yrs,83612
2021-11-20,50-59yrs,80809
2021-11-20,60-69yrs,60101
2021-11-20,70-79yrs,42473
2021-11-20,80+,27299
2021-11-21,12-17yrs,46441
2021-11-21,18-29yrs,76077
2021-11-21,30-39yrs,68324
2021-11-21,40-49yrs,83631
2021-11-21,50-59yrs,80823
2021-11-21,60-69yrs,60105
2021-11-21,70-79yrs,42477
2021-11-21,80+,27301
2021-11-22,12-17yrs,46445
2021-11-22,18-29yrs,76087
2021-11-22,30-39yrs,68336
2021-11-22,40-49yrs,83639
2021-11-22,50-59yrs,80828
2021-11-22,60-69yrs,60111
2021-11-22,70-79yrs,42477
2021-11-22,80+,27301
2021-11-23,12-17yrs,46458
2021-11-23,18-29yrs,76115
2021-11-23,30-39yrs,68369
2021-11-23,40-49yrs,83666
2021-11-23,50-59yrs,80849
2021-11-23,60-69yrs,60132
2021-11-23,70-79yrs,42500
2021-11-23,80+,27313
2021-11-24,12-17yrs,46491
2021-11-24,18-29yrs,76153
2021-11-24,30-39yrs,68406
2021-11-24,40-49yrs,83703
2021-11-24,50-59yrs,80882
2021-11-24,60-69yrs,60156
2021-11-24,70-79yrs,42512
2021-11-24,80+,27329
2021-11-25,12-17yrs,46521
2021-11-25,18-29yrs,76188
2021-11-25,30-39yrs,68448
2021-11-25,40-49yrs,83729
2021-11-25,50-59yrs,80910
2021-11-25,60-69yrs,60170
2021-11-25,70-79yrs,42528
2021-11-25,80+,27342
2021-11-26,12-17yrs,46562
2021-11-26,18-29yrs,76229
2021-11-26,30-39yrs,68479
2021-11-26,40-49yrs,83757
2021-11-26,50-59yrs,80945
2021-11-26,60-69yrs,60178
2021-11-26,70-79yrs,42549
2021-11-26,80+,27354
2021-11-27,12-17yrs,46579
2021-11-27,18-29yrs,76248
2021-11-27,30-39yrs,68497
2021-11-27,40-49yrs,83771
2021-11-27,50-59yrs,80959
2021-11-27,60-69yrs,60190
2021-11-27,70-79yrs,42556
2021-11-27,80+,27360
2021-11-28,12-17yrs,46595
2021-11-28,18-29yrs,76262
2021-11-28,30-39yrs,68513
2021-11-28,40-49yrs,83779
2021-11-28,50-59yrs,80969
2021-11-28,60-69yrs,60198
2021-11-28,70-79yrs,42555
2021-11-28,80+,27360
2021-11-29,12-17yrs,46601
2021-11-29,18-29yrs,76270
2021-11-29,30-39yrs,68520
2021-11-29,40-49yrs,83782
2021-11-29,50-59yrs,80976
2021-11-29,60-69yrs,60199
2021-11-29,70-79yrs,42553
2021-11-29,80+,27362
2021-11-30,12-17yrs,46616
2021-11-30,18-29yrs,76286
2021-11-30,30-39yrs,68540
2021-11-30,40-49yrs,83797
2021-11-30,50-59yrs,80985
2021-11-30,60-69yrs,60210
2021-11-30,70-79yrs,42560
2021-11-30,80+,27366
2021-12-01,05-11yrs,4549
2021-12-01,12-17yrs,46635
2021-12-01,18-29yrs,76331
2021-12-01,30-39yrs,68594
2021-12-01,40-49yrs,83833
2021-12-01,50-59yrs,81019
2021-12-01,60-69yrs,60244
2021-12-01,70-79yrs,42610
2021-12-01,80+,27382
2021-12-02,05-11yrs,5306
2021-12-02,12-17yrs,46658
2021-12-02,18-29yrs,76348
2021-12-02,30-39yrs,68610
2021-12-02,40-49yrs,83847
2021-12-02,50-59yrs,81028
2021-12-02,60-69yrs,60252
2021-12-02,70-79yrs,42617
2021-12-02,80+,27383
2021-12-03,05-11yrs,6983
2021-12-03,12-17yrs,46667
2021-12-03,18-29yrs,76361
2021-12-03,30-39yrs,68627
2021-12-03,40-49yrs,83856
2021-12-03,50-59yrs,81033
2021-12-03,60-69yrs,60259
2021-12-03,70-79yrs,42620
2021-12-03,80+,27387
2021-12-04,05-11yrs,9011
2021-12-04,12-17yrs,46682
2021-12-04,18-29yrs,76374
2021-12-04,30-39yrs,68651
2021-12-04,40-49yrs,83872
2021-12-04,50-59yrs,81037
2021-12-04,60-69yrs,60262
2021-12-04,70-79yrs,42619
2021-12-04,80+,27385
2021-12-05,05-11yrs,10949
2021-12-05,12-17yrs,46697
2021-12-05,18-29yrs,76383
2021-12-05,30-39yrs,68666
2021-12-05,40-49yrs,83881
2021-12-05,50-59yrs,81045
2021-12-05,60-69yrs,60270
2021-12-05,70-79yrs,42617
2021-12-05,80+,27383
2021-12-06,05-11yrs,11097
2021-12-06,12-17yrs,46706
2021-12-06,18-29yrs,76396
2021-12-06,30-39yrs,68671
2021-12-06,40-49yrs,83892
2021-12-06,50-59yrs,81048
2021-12-06,60-69yrs,60276
2021-12-06,70-79yrs,42618
2021-12-06,80+,27381
2021-12-07,05-11yrs,11220
2021-12-07,12-17yrs,46710
2021-12-07,18-29yrs,76419
2021-12-07,30-39yrs,68692
2021-12-07,40-49yrs,83900
2021-12-07,50-59yrs,81061
2021-12-07,60-69yrs,60288
2021-12-07,70-79yrs,42626
2021-12-07,80+,27379
2021-12-08,05-11yrs,12111
2021-12-08,12-17yrs,46734
2021-12-08,18-29yrs,76446
2021-12-08,30-39yrs,68720
2021-12-08,40-49yrs,83922
2021-12-08,50-59yrs,81090
2021-12-08,60-69yrs,60300
2021-12-08,70-79yrs,42642
2021-12-08,80+,27389
2021-12-09,05-11yrs,12966
2021-12-09,12-17yrs,46760
2021-12-09,18-29yrs,76481
2021-12-09,30-39yrs,68744
2021-12-09,40-49yrs,83955
2021-12-09,50-59yrs,81104
2021-12-09,60-69yrs,60322
2021-12-09,70-79yrs,42653
2021-12-09,80+,27389
2021-12-10,05-11yrs,14930
2021-12-10,12-17yrs,46776
2021-12-10,18-29yrs,76498
2021-12-10,30-39yrs,68768
2021-12-10,40-49yrs,83976
2021-12-10,50-59yrs,81114
2021-12-10,60-69yrs,60337
2021-12-10,70-79yrs,42662
2021-12-10,80+,27389
2021-12-11,05-11yrs,16989
2021-12-11,12-17yrs,46791
2021-12-11,18-29yrs,76524
2021-12-11,30-39yrs,68783
2021-12-11,40-49yrs,83996
2021-12-11,50-59yrs,81134
2021-12-11,60-69yrs,60346
2021-12-11,70-79yrs,42667
2021-12-11,80+,27389
2021-12-12,05-11yrs,19047
2021-12-12,12-17yrs,46805
2021-12-12,18-29yrs,76533
2021-12-12,30-39yrs,68797
2021-12-12,40-49yrs,84013
2021-12-12,50-59yrs,81141
2021-12-12,60-69yrs,60351
2021-12-12,70-79yrs,42660
2021-12-12,80+,27389
2021-12-13,05-11yrs,19113
2021-12-13,12-17yrs,46811
2021-12-13,18-29yrs,76537
2021-12-13,30-39yrs,68804
2021-12-13,40-49yrs,84015
2021-12-13,50-59yrs,81144
2021-12-13,60-69yrs,60354
2021-12-13,70-79yrs,42661
2021-12-13,80+,27389
2021-12-14,05-11yrs,19170
2021-12-14,12-17yrs,46816
2021-12-14,18-29yrs,76556
2021-12-14,30-39yrs,68821
2021-12-14,40-49yrs,84021
2021-12-14,50-59yrs,81147
2021-12-14,60-69yrs,60349
2021-12-14,70-79yrs,42659
2021-12-14,80+,27389
2021-12-15,05-11yrs,19969
2021-12-15,12-17yrs,46847
2021-12-15,18-29yrs,76596
2021-12-15,30-39yrs,68866
2021-12-15,40-49yrs,84062
2021-12-15,50-59yrs,81183
2021-12-15,60-69yrs,60389
2021-12-15,70-79yrs,42672
2021-12-15,80+,27394
2021-12-16,05-11yrs,20811
2021-12-16,12-17yrs,46873
2021-12-16,18-29yrs,76635
2021-12-16,30-39yrs,68896
2021-12-16,40-49yrs,84090
2021-12-16,50-59yrs,81181
2021-12-16,60-69yrs,60393
2021-12-16,70-79yrs,42685
2021-12-16,80+,27397
2021-12-17,05-11yrs,21624
2021-12-17,12-17yrs,46898
2021-12-17,18-29yrs,76665
2021-12-17,30-39yrs,68921
2021-12-17,40-49yrs,84114
2021-12-17,50-59yrs,81201
2021-12-17,60-69yrs,60414
2021-12-17,70-79yrs,42694
2021-12-17,80+,27400
2021-12-18,05-11yrs,22520
2021-12-18,12-17yrs,46931
2021-12-18,18-29yrs,76697
2021-12-18,30-39yrs,68928
2021-12-18,40-49yrs,84129
2021-12-18,50-59yrs,81211
2021-12-18,60-69yrs,60410
2021-12-18,70-79yrs,42697
2021-12-18,80+,27410
2021-12-19,05-11yrs,23619
2021-12-19,12-17yrs,46961
2021-12-19,18-29yrs,76705
2021-12-19,30-39yrs,68940
2021-12-19,40-49yrs,84135
2021-12-19,50-59yrs,81216
2021-12-19,60-69yrs,60407
2021-12-19,70-79yrs,42701
2021-12-19,80+,27412
2021-12-20,05-11yrs,23666
2021-12-20,12-17yrs,46967
2021-12-20,18-29yrs,76710
2021-12-20,30-39yrs,68934
2021-12-20,40-49yrs,84132
2021-12-20,50-59yrs,81206
2021-12-20,60-69yrs,60400
2021-12-20,70-79yrs,42692
2021-12-20,80+,27412
2021-12-21,05-11yrs,24719
2021-12-21,12-17yrs,46987
2021-12-21,18-29yrs,76727
2021-12-21,30-39yrs,68951
2021-12-21,40-49yrs,84122
2021-12-21,50-59yrs,81200
2021-12-21,60-69yrs,60389
2021-12-21,70-79yrs,42692
2021-12-21,80+,27417
2021-12-22,05-11yrs,25652
2021-12-22,12-17yrs,47011
2021-12-22,18-29yrs,76738
2021-12-22,30-39yrs,68953
2021-12-22,40-49yrs,84102
2021-12-22,50-59yrs,81190
2021-12-22,60-69yrs,60387
2021-12-22,70-79yrs,42700
2021-12-22,80+,27417
2021-12-23,05-11yrs,26452
2021-12-23,12-17yrs,47023
2021-12-23,18-29yrs,76753
2021-12-23,30-39yrs,68965
2021-12-23,40-49yrs,84091
2021-12-23,50-59yrs,81173
2021-12-23,60-69yrs,60373
2021-12-23,70-79yrs,42701
2021-12-23,80+,27424
2021-12-24,05-11yrs,27089
2021-12-24,12-17yrs,47035
2021-12-24,18-29yrs,76755
2021-12-24,30-39yrs,68949
2021-12-24,40-49yrs,84067
2021-12-24,50-59yrs,81176
2021-12-24,60-69yrs,60366
2021-12-24,70-79yrs,42704
2021-12-24,80+,27433
2021-12-25,05-11yrs,27109
2021-12-25,12-17yrs,47038
2021-12-25,18-29yrs,76764
2021-12-25,30-39yrs,68950
2021-12-25,40-49yrs,84054
2021-12-25,50-59yrs,81172
2021-12-25,60-69yrs,60365
2021-12-25,70-79yrs,42712
2021-12-25,80+,27436
2021-12-26,05-11yrs,27114
2021-12-26,12-17yrs,47038
2021-12-26,18-29yrs,76768
2021-12-26,30-39yrs,68952
2021-12-26,40-49yrs,84054
2021-12-26,50-59yrs,81174
2021-12-26,60-69yrs,60366
2021-12-26,70-79yrs,42713
2021-12-26,80+,27435
2021-12-27,05-11yrs,27127
2021-12-27,12-17yrs,47042
2021-12-27,18-29yrs,76760
2021-12-27,30-39yrs,68948
2021-12-27,40-49yrs,84042
2021-12-27,50-59yrs,81174
2021-12-27,60-69yrs,60367
2021-12-27,70-79yrs,42715
2021-12-27,80+,27435
2021-12-28,05-11yrs,28037
2021-12-28,12-17yrs,47053
2021-12-28,18-29yrs,76781
2021-12-28,30-39yrs,68948
2021-12-28,40-49yrs,84039
2021-12-28,50-59yrs,81178
2021-12-28,60-69yrs,60388
2021-12-28,70-79yrs,42723
2021-12-28,80+,27439
2021-12-29,05-11yrs,28671
2021-12-29,12-17yrs,47077
2021-12-29,18-29yrs,76791
2021-12-29,30-39yrs,68965
2021-12-29,40-49yrs,84040
2021-12-29,50-59yrs,81167
2021-12-29,60-69yrs,60390
2021-12-29,70-79yrs,42727
2021-12-29,80+,27436
2021-12-30,05-11yrs,29222
2021-12-30,12-17yrs,47091
2021-12-30,18-29yrs,76804
2021-12-30,30-39yrs,68967
2021-12-30,40-49yrs,84045
2021-12-30,50-59yrs,81176
2021-12-30,60-69yrs,60387
2021-12-30,70-79yrs,42733
2021-12-30,80+,27441
2021-12-31,05-11yrs,29907
2021-12-31,12-17yrs,47107
2021-12-31,18-29yrs,76806
2021-12-31,30-39yrs,68987
2021-12-31,40-49yrs,84035
2021-12-31,50-59yrs,81186
2021-12-31,60-69yrs,60404
2021-12-31,70-79yrs,42741
2021-12-31,80+,27445
2022-01-01,05-11yrs,29942
2022-01-01,12-17yrs,47113
2022-01-01,18-29yrs,76815
2022-01-01,30-39yrs,68989
2022-01-01,40-49yrs,84035
2022-01-01,50-59yrs,81184
2022-01-01,60-69yrs,60409
2022-01-01,70-79yrs,42752
2022-01-01,80+,27444
2022-01-02,05-11yrs,29947
2022-01-02,12-17yrs,47113
2022-01-02,18-29yrs,76815
2022-01-02,30-39yrs,68989
2022-01-02,40-49yrs,84034
2022-01-02,50-59yrs,81185
2022-01-02,60-69yrs,60409
2022-01-02,70-79yrs,42752
2022-01-02,80+,27444
2022-01-03,05-11yrs,29978
2022-01-03,12-17yrs,47113
2022-01-03,18-29yrs,76803
2022-01-03,30-39yrs,68979
2022-01-03,40-49yrs,84019
2022-01-03,50-59yrs,81178
2022-01-03,60-69yrs,60404
2022-01-03,70-79yrs,42754
2022-01-03,80+,27442
2022-01-04,05-11yrs,30005
2022-01-04,12-17yrs,47116
2022-01-04,18-29yrs,76814
2022-01-04,30-39yrs,68976
2022-01-04,40-49yrs,84001
2022-01-04,50-59yrs,81159
2022-01-04,60-69yrs,60408
2022-01-04,70-79yrs,42755
2022-01-04,80+,27441
2022-01-05,05-11yrs,30067
2022-01-05,12-17yrs,47132
2022-01-05,18-29yrs,76861
2022-01-05,30-39yrs,68994
2022-01-05,40-49yrs,84029
2022-01-05,50-59yrs,81157
2022-01-05,60-69yrs,60418
2022-01-05,70-79yrs,42769
2022-01-05,80+,27444
2022-01-06,05-11yrs,30125
2022-01-06,12-17yrs,47142
2022-01-06,18-29yrs,76871
2022-01-06,30-39yrs,69014
2022-01-06,40-49yrs,84038
2022-01-06,50-59yrs,81175
2022-01-06,60-69yrs,60440
2022-01-06,70-79yrs,42788
2022-01-06,80+,27450
2022-01-07,05-11yrs,30195
2022-01-07,12-17yrs,47161
2022-01-07,18-29yrs,76906
2022-01-07,30-39yrs,69061
2022-01-07,40-49yrs,84049
2022-01-07,50-59yrs,81183
2022-01-07,60-69yrs,60456
2022-01-07,70-79yrs,42795
2022-01-07,80+,27454
2022-01-08,05-11yrs,30278
2022-01-08,12-17yrs,47187
2022-01-08,18-29yrs,76945
2022-01-08,30-39yrs,69094
2022-01-08,40-49yrs,84073
2022-01-08,50-59yrs,81198
2022-01-08,60-69yrs,60473
2022-01-08,70-79yrs,42802
2022-01-08,80+,27458
2022-01-09,05-11yrs,31057
2022-01-09,12-17yrs,47194
2022-01-09,18-29yrs,76953
2022-01-09,30-39yrs,69111
2022-01-09,40-49yrs,84087
2022-01-09,50-59yrs,81202
2022-01-09,60-69yrs,60470
2022-01-09,70-79yrs,42812
2022-01-09,80+,27456
2022-01-10,05-11yrs,31084
2022-01-10,12-17yrs,47197
2022-01-10,18-29yrs,76943
2022-01-10,30-39yrs,69106
2022-01-10,40-49yrs,84077
2022-01-10,50-59yrs,81198
2022-01-10,60-69yrs,60471
2022-01-10,70-79yrs,42817
2022-01-10,80+,27455
2022-01-11,05-11yrs,31114
2022-01-11,12-17yrs,47203
2022-01-11,18-29yrs,76941
2022-01-11,30-39yrs,69100
2022-01-11,40-49yrs,84084
2022-01-11,50-59yrs,81199
2022-01-11,60-69yrs,60473
2022-01-11,70-79yrs,42813
2022-01-11,80+,27458
2022-01-12,05-11yrs,31181
2022-01-12,12-17yrs,47216
2022-01-12,18-29yrs,76970
2022-01-12,30-39yrs,69139
2022-01-12,40-49yrs,84100
2022-01-12,50-59yrs,81234
2022-01-12,60-69yrs,60492
2022-01-12,70-79yrs,42826
2022-01-12,80+,27460
2022-01-13,05-11yrs,31256
2022-01-13,12-17yrs,47239
2022-01-13,18-29yrs,77012
2022-01-13,30-39yrs,69198
2022-01-13,40-49yrs,84111
2022-01-13,50-59yrs,81267
2022-01-13,60-69yrs,60514
2022-01-13,70-79yrs,42841
2022-01-13,80+,27470
2022-01-14,05-11yrs,31318
2022-01-14,12-17yrs,47256
2022-01-14,18-29yrs,77048
2022-01-14,30-39yrs,69266
2022-01-14,40-49yrs,84127
2022-01-14,50-59yrs,81282
2022-01-14,60-69yrs,60541
2022-01-14,70-79yrs,42849
2022-01-14,80+,27471
2022-01-15,05-11yrs,31415
2022-01-15,12-17yrs,47278
2022-01-15,18-29yrs,77076
2022-01-15,30-39yrs,69303
2022-01-15,40-49yrs,84153
2022-01-15,50-59yrs,81305
2022-01-15,60-69yrs,60563
2022-01-15,70-79yrs,42863
2022-01-15,80+,27476
2022-01-16,05-11yrs,31554
2022-01-16,12-17yrs,47300
2022-01-16,18-29yrs,77110
2022-01-16,30-39yrs,69353
2022-01-16,40-49yrs,84168
2022-01-16,50-59yrs,81322
2022-01-16,60-69yrs,60584
2022-01-16,70-79yrs,42883
2022-01-16,80+,27481
2022-01-17,05-11yrs,31613
2022-01-17,12-17yrs,47301
2022-01-17,18-29yrs,77098
2022-01-17,30-39yrs,69346
2022-01-17,40-49yrs,84174
2022-01-17,50-59yrs,81323
2022-01-17,60-69yrs,60585
2022-01-17,70-79yrs,42887
2022-01-17,80+,27481
2022-01-18,05-11yrs,31625
2022-01-18,12-17yrs,47305
2022-01-18,18-29yrs,77118
2022-01-18,30-39yrs,69366
2022-01-18,40-49yrs,84197
2022-01-18,50-59yrs,81334
2022-01-18,60-69yrs,60593
2022-01-18,70-79yrs,42889
2022-01-18,80+,27481
2022-01-19,05-11yrs,31646
2022-01-19,12-17yrs,47321
2022-01-19,18-29yrs,77166
2022-01-19,30-39yrs,69414
2022-01-19,40-49yrs,84223
2022-01-19,50-59yrs,81376
2022-01-19,60-69yrs,60616
2022-01-19,70-79yrs,42898
2022-01-19,80+,27487
2022-01-20,05-11yrs,31671
2022-01-20,12-17yrs,47339
2022-01-20,18-29yrs,77218
2022-01-20,30-39yrs,69449
2022-01-20,40-49yrs,84255
2022-01-20,50-59yrs,81401
2022-01-20,60-69yrs,60637
2022-01-20,70-79yrs,42905
2022-01-20,80+,27489
2022-01-21,05-11yrs,31712
2022-01-21,12-17yrs,47359
2022-01-21,18-29yrs,77286
2022-01-21,30-39yrs,69537
2022-01-21,40-49yrs,84292
2022-01-21,50-59yrs,81424
2022-01-21,60-69yrs,60650
2022-01-21,70-79yrs,42931
2022-01-21,80+,27491
2022-01-22,05-11yrs,32842
2022-01-22,12-17yrs,47365
2022-01-22,18-29yrs,77323
2022-01-22,30-39yrs,69593
2022-01-22,40-49yrs,84331
2022-01-22,50-59yrs,81442
2022-01-22,60-69yrs,60663
2022-01-22,70-79yrs,42941
2022-01-22,80+,27496
2022-01-23,05-11yrs,33582
2022-01-23,12-17yrs,47371
2022-01-23,18-29yrs,77351
2022-01-23,30-39yrs,69616
2022-01-23,40-49yrs,84349
2022-01-23,50-59yrs,81456
2022-01-23,60-69yrs,60671
2022-01-23,70-79yrs,42945
2022-01-23,80+,27494
2022-01-24,05-11yrs,33594
2022-01-24,12-17yrs,47375
2022-01-24,18-29yrs,77360
2022-01-24,30-39yrs,69643
2022-01-24,40-49yrs,84355
2022-01-24,50-59yrs,81460
2022-01-24,60-69yrs,60677
2022-01-24,70-79yrs,42946
2022-01-24,80+,27494
2022-01-25,05-11yrs,33601
2022-01-25,12-17yrs,47389
2022-01-25,18-29yrs,77387
2022-01-25,30-39yrs,69682
2022-01-25,40-49yrs,84384
2022-01-25,50-59yrs,81471
2022-01-25,60-69yrs,60700
2022-01-25,70-79yrs,42963
2022-01-25,80+,27496
2022-01-26,05-11yrs,33853
2022-01-26,12-17yrs,47413
2022-01-26,18-29yrs,77446
2022-01-26,30-39yrs,69733
2022-01-26,40-49yrs,84425
2022-01-26,50-59yrs,81511
2022-01-26,60-69yrs,60726
2022-01-26,70-79yrs,42974
2022-01-26,80+,27503
2022-01-27,05-11yrs,34036
2022-01-27,12-17yrs,47432
2022-01-27,18-29yrs,77511
2022-01-27,30-39yrs,69779
2022-01-27,40-49yrs,84464
2022-01-27,50-59yrs,81529
2022-01-27,60-69yrs,60740
2022-01-27,70-79yrs,42980
2022-01-27,80+,27507
2022-01-28,05-11yrs,34171
2022-01-28,12-17yrs,47450
2022-01-28,18-29yrs,77545
2022-01-28,30-39yrs,69804
2022-01-28,40-49yrs,84496
2022-01-28,50-59yrs,81554
2022-01-28,60-69yrs,60758
2022-01-28,70-79yrs,42990
2022-01-28,80+,27511
2022-01-29,05-11yrs,34314
2022-01-29,12-17yrs,47473
2022-01-29,18-29yrs,77597
2022-01-29,30-39yrs,69853
2022-01-29,40-49yrs,84512
2022-01-29,50-59yrs,81577
2022-01-29,60-69yrs,60776
2022-01-29,70-79yrs,42997
2022-01-29,80+,27517
2022-01-30,05-11yrs,34566
2022-01-30,12-17yrs,47479
2022-01-30,18-29yrs,77625
2022-01-30,30-39yrs,69850
2022-01-30,40-49yrs,84521
2022-01-30,50-59yrs,81583
2022-01-30,60-69yrs,60778
2022-01-30,70-79yrs,42998
2022-01-30,80+,27517
2022-01-31,05-11yrs,34583
2022-01-31,12-17yrs,47485
2022-01-31,18-29yrs,77622
2022-01-31,30-39yrs,69848
2022-01-31,40-49yrs,84519
2022-01-31,50-59yrs,81586
2022-01-31,60-69yrs,60781
2022-01-31,70-79yrs,42999
2022-01-31,80+,27518
2022-02-01,05-11yrs,34599
2022-02-01,12-17yrs,47495
2022-02-01,18-29yrs,77648
2022-02-01,30-39yrs,69894
2022-02-01,40-49yrs,84548
2022-02-01,50-59yrs,81600
2022-02-01,60-69yrs,60806
2022-02-01,70-79yrs,43013
2022-02-01,80+,27526
2022-02-02,05-11yrs,34670
2022-02-02,12-17yrs,47511
2022-02-02,18-29yrs,77698
2022-02-02,30-39yrs,69945
2022-02-02,40-49yrs,84577
2022-02-02,50-59yrs,81626
2022-02-02,60-69yrs,60833
2022-02-02,70-79yrs,43023
2022-02-02,80+,27530
2022-02-03,05-11yrs,34740
2022-02-03,12-17yrs,47534
2022-02-03,18-29yrs,77737
2022-02-03,30-39yrs,69997
2022-02-03,40-49yrs,84612
2022-02-03,50-59yrs,81646
2022-02-03,60-69yrs,60865
2022-02-03,70-79yrs,43035
2022-02-03,80+,27532
2022-02-04,05-11yrs,34799
2022-02-04,12-17yrs,47544
2022-02-04,18-29yrs,77786
2022-02-04,30-39yrs,70040
2022-02-04,40-49yrs,84646
2022-02-04,50-59yrs,81662
2022-02-04,60-69yrs,60876
2022-02-04,70-79yrs,43047
2022-02-04,80+,27537
2022-02-05,05-11yrs,34856
2022-02-05,12-17yrs,47568
2022-02-05,18-29yrs,77827
2022-02-05,30-39yrs,70081
2022-02-05,40-49yrs,84669
2022-02-05,50-59yrs,81684
2022-02-05,60-69yrs,60890
2022-02-05,70-79yrs,43055
2022-02-05,80+,27541
2022-02-06,05-11yrs,34931
2022-02-06,12-17yrs,47575
2022-02-06,18-29yrs,77854
2022-02-06,30-39yrs,70096
2022-02-06,40-49yrs,84681
2022-02-06,50-59yrs,81692
2022-02-06,60-69yrs,60896
2022-02-06,70-79yrs,43057
2022-02-06,80+,27542
2022-02-07,05-11yrs,34941
2022-02-07,12-17yrs,47583
2022-02-07,18-29yrs,77861
2022-02-07,30-39yrs,70098
2022-02-07,40-49yrs,84683
2022-02-07,50-59yrs,81692
2022-02-07,60-69yrs,60898
2022-02-07,70-79yrs,43057
2022-02-07,80+,27542
2022-02-08,05-11yrs,34950
2022-02-08,12-17yrs,47594
2022-02-08,18-29yrs,77895
2022-02-08,30-39yrs,70137
2022-02-08,40-49yrs,84706
2022-02-08,50-59yrs,81707
2022-02-08,60-69yrs,60914
2022-02-08,70-79yrs,43067
2022-02-08,80+,27544
2022-02-09,05-11yrs,34998
2022-02-09,12-17yrs,47608
2022-02-09,18-29yrs,77953
2022-02-09,30-39yrs,70195
2022-02-09,40-49yrs,84752
2022-02-09,50-59yrs,81728
2022-02-09,60-69yrs,60931
2022-02-09,70-79yrs,43082
2022-02-09,80+,27550
2022-02-10,05-11yrs,35057
2022-02-10,12-17yrs,47627
2022-02-10,18-29yrs,78010
2022-02-10,30-39yrs,70244
2022-02-10,40-49yrs,84787
2022-02-10,50-59yrs,81757
2022-02-10,60-69yrs,60945
2022-02-10,70-79yrs,43094
2022-02-10,80+,27555
2022-02-11,05-11yrs,35119
2022-02-11,12-17yrs,47631
2022-02-11,18-29yrs,78064
2022-02-11,30-39yrs,70279
2022-02-11,40-49yrs,84802
2022-02-11,50-59yrs,81762
2022-02-11,60-69yrs,60958
2022-02-11,70-79yrs,43101
2022-02-11,80+,27556
2022-02-12,05-11yrs,35182
2022-02-12,12-17yrs,47646
2022-02-12,18-29yrs,78110
2022-02-12,30-39yrs,70320
2022-02-12,40-49yrs,84832
2022-02-12,50-59yrs,81782
2022-02-12,60-69yrs,60979
2022-02-12,70-79yrs,43107
2022-02-12,80+,27557
2022-02-13,05-11yrs,35242
2022-02-13,12-17yrs,47656
2022-02-13,18-29yrs,78133
2022-02-13,30-39yrs,70337
2022-02-13,40-49yrs,84840
2022-02-13,50-59yrs,81786
2022-02-13,60-69yrs,60983
2022-02-13,70-79yrs,43107
2022-02-13,80+,27557
2022-02-14,05-11yrs,34647
2022-02-14,12-17yrs,48458
2022-02-14,18-29yrs,78141
2022-02-14,30-39yrs,70330
2022-02-14,40-49yrs,84858
2022-02-14,50-59yrs,81790
2022-02-14,60-69yrs,60997
2022-02-14,70-79yrs,43124
2022-02-14,80+,27565
2022-02-15,05-11yrs,34650
2022-02-15,12-17yrs,48468
2022-02-15,18-29yrs,78179
2022-02-15,30-39yrs,70365
2022-02-15,40-49yrs,84877
2022-02-15,50-59yrs,81808
2022-02-15,60-69yrs,61013
2022-02-15,70-79yrs,43129
2022-02-15,80+,27567
2022-02-16,05-11yrs,34713
2022-02-16,12-17yrs,48481
2022-02-16,18-29yrs,78216
2022-02-16,30-39yrs,70390
2022-02-16,40-49yrs,84901
2022-02-16,50-59yrs,81813
2022-02-16,60-69yrs,61020
2022-02-16,70-79yrs,43138
2022-02-16,80+,27568
2022-02-17,05-11yrs,34770
2022-02-17,12-17yrs,48495
2022-02-17,18-29yrs,78260
2022-02-17,30-39yrs,70434
2022-02-17,40-49yrs,84912
2022-02-17,50-59yrs,81827
2022-02-17,60-69yrs,61021
2022-02-17,70-79yrs,43144
2022-02-17,80+,27573
2022-02-18,05-11yrs,34812
2022-02-18,12-17yrs,48518
2022-02-18,18-29yrs,78288
2022-02-18,30-39yrs,70462
2022-02-18,40-49yrs,84932
2022-02-18,50-59yrs,81826
2022-02-18,60-69yrs,61032
2022-02-18,70-79yrs,43145
2022-02-18,80+,27573
2022-02-19,05-11yrs,34881
2022-02-19,12-17yrs,48568
2022-02-19,18-29yrs,78309
2022-02-19,30-39yrs,70487
2022-02-19,40-49yrs,84954
2022-02-19,50-59yrs,81842
2022-02-19,60-69yrs,61047
2022-02-19,70-79yrs,43151
2022-02-19,80+,27581
2022-02-20,05-11yrs,34970
2022-02-20,12-17yrs,48599
2022-02-20,18-29yrs,78319
2022-02-20,30-39yrs,70496
2022-02-20,40-49yrs,84962
2022-02-20,50-59yrs,81849
2022-02-20,60-69yrs,61047
2022-02-20,70-79yrs,43152
2022-02-20,80+,27581
2022-02-21,05-11yrs,34972
2022-02-21,12-17yrs,48600
2022-02-21,18-29yrs,78322
2022-02-21,30-39yrs,70504
2022-02-21,40-49yrs,84965
2022-02-21,50-59yrs,81851
2022-02-21,60-69yrs,61050
2022-02-21,70-79yrs,43155
2022-02-21,80+,27581
2022-02-22,05-11yrs,34972
2022-02-22,12-17yrs,48602
2022-02-22,18-29yrs,78324
2022-02-22,30-39yrs,70503
2022-02-22,40-49yrs,84966
2022-02-22,50-59yrs,81852
2022-02-22,60-69yrs,61051
2022-02-22,70-79yrs,43155
2022-02-22,80+,27580
2022-02-23,05-11yrs,35002
2022-02-23,12-17yrs,48615
2022-02-23,18-29yrs,78361
2022-02-23,30-39yrs,70524
2022-02-23,40-49yrs,84988
2022-02-23,50-59yrs,81862
2022-02-23,60-69yrs,61060
2022-02-23,70-79yrs,43160
2022-02-23,80+,27584
2022-02-24,05-11yrs,35032
2022-02-24,12-17yrs,48629
2022-02-24,18-29yrs,78387
2022-02-24,30-39yrs,70554
2022-02-24,40-49yrs,85005
2022-02-24,50-59yrs,81872
2022-02-24,60-69yrs,61072
2022-02-24,70-79yrs,43161
2022-02-24,80+,27588
2022-02-25,05-11yrs,35047
2022-02-25,12-17yrs,48643
2022-02-25,18-29yrs,78411
2022-02-25,30-39yrs,70566
2022-02-25,40-49yrs,85022
2022-02-25,50-59yrs,81885
2022-02-25,60-69yrs,61080
2022-02-25,70-79yrs,43172
2022-02-25,80+,27591
2022-02-26,05-11yrs,35074
2022-02-26,12-17yrs,48663
2022-02-26,18-29yrs,78427
2022-02-26,30-39yrs,70587
2022-02-26,40-49yrs,85030
2022-02-26,50-59yrs,81896
2022-02-26,60-69yrs,61087
2022-02-26,70-79yrs,43175
2022-02-26,80+,27594
2022-02-27,05-11yrs,35123
2022-02-27,12-17yrs,48689
2022-02-27,18-29yrs,78445
2022-02-27,30-39yrs,70597
2022-02-27,40-49yrs,85034
2022-02-27,50-59yrs,81898
2022-02-27,60-69yrs,61087
2022-02-27,70-79yrs,43176
2022-02-27,80+,27595
2022-02-28,05-11yrs,35125
2022-02-28,12-17yrs,48689
2022-02-28,18-29yrs,78451
2022-02-28,30-39yrs,70602
2022-02-28,40-49yrs,85033
2022-02-28,50-59yrs,81899
2022-02-28,60-69yrs,61092
2022-02-28,70-79yrs,43177
2022-02-28,80+,27595
2022-03-01,05-11yrs,35130
2022-03-01,12-17yrs,48697
2022-03-01,18-29yrs,78478
2022-03-01,30-39yrs,70631
2022-03-01,40-49yrs,85051
2022-03-01,50-59yrs,81913
2022-03-01,60-69yrs,61110
2022-03-01,70-79yrs,43189
2022-03-01,80+,27596
2022-03-02,05-11yrs,35169
2022-03-02,12-17yrs,48717
2022-03-02,18-29yrs,78508
2022-03-02,30-39yrs,70667
2022-03-02,40-49yrs,85075
2022-03-02,50-59yrs,81925
2022-03-02,60-69yrs,61123
2022-03-02,70-79yrs,43196
2022-03-02,80+,27600
2022-03-03,05-11yrs,35193
2022-03-03,12-17yrs,48729
2022-03-03,18-29yrs,78525
2022-03-03,30-39yrs,70683
2022-03-03,40-49yrs,85092
2022-03-03,50-59yrs,81934
2022-03-03,60-69yrs,61135
2022-03-03,70-79yrs,43198
2022-03-03,80+,27599
2022-03-04,05-11yrs,35213
2022-03-04,12-17yrs,48738
2022-03-04,18-29yrs,78541
2022-03-04,30-39yrs,70703
2022-03-04,40-49yrs,85100
2022-03-04,50-59yrs,81944
2022-03-04,60-69yrs,61140
2022-03-04,70-79yrs,43199
2022-03-04,80+,27599
2022-03-05,05-11yrs,35242
2022-03-05,12-17yrs,48755
2022-03-05,18-29yrs,78561
2022-03-05,30-39yrs,70715
2022-03-05,40-49yrs,85111
2022-03-05,50-59yrs,81954
2022-03-05,60-69yrs,61145
2022-03-05,70-79yrs,43200
2022-03-05,80+,27602
2022-03-06,05-11yrs,35290
2022-03-06,12-17yrs,48760
2022-03-06,18-29yrs,78558
2022-03-06,30-39yrs,70718
2022-03-06,40-49yrs,85112
2022-03-06,50-59yrs,81957
2022-03-06,60-69yrs,61146
2022-03-06,70-79yrs,43200
2022-03-06,80+,27601
2022-03-07,05-11yrs,35291
2022-03-07,12-17yrs,48760
2022-03-07,18-29yrs,78563
2022-03-07,30-39yrs,70719
2022-03-07,40-49yrs,85111
2022-03-07,50-59yrs,81957
2022-03-07,60-69yrs,61145
2022-03-07,70-79yrs,43200
2022-03-07,80+,27601
2022-03-08,05-11yrs,35293
2022-03-08,12-17yrs,48760
2022-03-08,18-29yrs,78567
2022-03-08,30-39yrs,70723
2022-03-08,40-49yrs,85111
2022-03-08,50-59yrs,81957
2022-03-08,60-69yrs,61149
2022-03-08,70-79yrs,43198
2022-03-08,80+,27606
2022-03-09,05-11yrs,35300
2022-03-09,12-17yrs,48764
2022-03-09,18-29yrs,78573
2022-03-09,30-39yrs,70731
2022-03-09,40-49yrs,85122
2022-03-09,50-59yrs,81960
2022-03-09,60-69yrs,61152
2022-03-09,70-79yrs,43200
2022-03-09,80+,27608
2022-03-10,05-11yrs,35300
2022-03-10,12-17yrs,48768
2022-03-10,18-29yrs,78578
2022-03-10,30-39yrs,70733
2022-03-10,40-49yrs,85124
2022-03-10,50-59yrs,81965
2022-03-10,60-69yrs,61156
2022-03-10,70-79yrs,43202
2022-03-10,80+,27608
2022-03-11,05-11yrs,35304
2022-03-11,12-17yrs,48773
2022-03-11,18-29yrs,78580
2022-03-11,30-39yrs,70748
2022-03-11,40-49yrs,85123
2022-03-11,50-59yrs,81971
2022-03-11,60-69yrs,61161
2022-03-11,70-79yrs,43203
2022-03-11,80+,27610
2022-03-12,05-11yrs,35315
2022-03-12,12-17yrs,48782
2022-03-12,18-29yrs,78585
2022-03-12,30-39yrs,70757
2022-03-12,40-49yrs,85132
2022-03-12,50-59yrs,81973
2022-03-12,60-69yrs,61168
2022-03-12,70-79yrs,43205
2022-03-12,80+,27610
2022-03-13,05-11yrs,35348
2022-03-13,12-17yrs,48797
2022-03-13,18-29yrs,78591
2022-03-13,30-39yrs,70762
2022-03-13,40-49yrs,85138
2022-03-13,50-59yrs,81975
2022-03-13,60-69yrs,61169
2022-03-13,70-79yrs,43207
2022-03-13,80+,27610
2022-03-14,05-11yrs,35354
2022-03-14,12-17yrs,48797
2022-03-14,18-29yrs,78591
2022-03-14,30-39yrs,70762
2022-03-14,40-49yrs,85137
2022-03-14,50-59yrs,81976
2022-03-14,60-69yrs,61168
2022-03-14,70-79yrs,43208
2022-03-14,80+,27610
2022-03-15,05-11yrs,35366
2022-03-15,12-17yrs,48805
2022-03-15,18-29yrs,78598
2022-03-15,30-39yrs,70771
2022-03-15,40-49yrs,85149
2022-03-15,50-59yrs,81979
2022-03-15,60-69yrs,61172
2022-03-15,70-79yrs,43209
2022-03-15,80+,27614
2022-03-16,05-11yrs,35395
2022-03-16,12-17yrs,48809
2022-03-16,18-29yrs,78603
2022-03-16,30-39yrs,70781
2022-03-16,40-49yrs,85154
2022-03-16,50-59yrs,81981
2022-03-16,60-69yrs,61175
2022-03-16,70-79yrs,43210
2022-03-16,80+,27616
2022-03-17,05-11yrs,35414
2022-03-17,12-17yrs,48814
2022-03-17,18-29yrs,78603
2022-03-17,30-39yrs,70784
2022-03-17,40-49yrs,85158
2022-03-17,50-59yrs,81983
2022-03-17,60-69yrs,61174
2022-03-17,70-79yrs,43211
2022-03-17,80+,27617
2022-03-18,05-11yrs,35426
2022-03-18,12-17yrs,48815
2022-03-18,18-29yrs,78609
2022-03-18,30-39yrs,70788
2022-03-18,40-49yrs,85159
2022-03-18,50-59yrs,81983
2022-03-18,60-69yrs,61175
2022-03-18,70-79yrs,43214
2022-03-18,80+,27617
2022-03-19,05-11yrs,35446
2022-03-19,12-17yrs,48820
2022-03-19,18-29yrs,78614
2022-03-19,30-39yrs,70789
2022-03-19,40-49yrs,85162
2022-03-19,50-59yrs,81988
2022-03-19,60-69yrs,61177
2022-03-19,70-79yrs,43217
2022-03-19,80+,27618
2022-03-20,05-11yrs,35464
2022-03-20,12-17yrs,48821
2022-03-20,18-29yrs,78618
2022-03-20,30-39yrs,70791
2022-03-20,40-49yrs,85167
2022-03-20,50-59yrs,81989
2022-03-20,60-69yrs,61178
2022-03-20,70-79yrs,43218
2022-03-20,80+,27618
2022-03-21,05-11yrs,35470
2022-03-21,12-17yrs,48822
2022-03-21,18-29yrs,78616
2022-03-21,30-39yrs,70792
2022-03-21,40-49yrs,85166
2022-03-21,50-59yrs,81989
2022-03-21,60-69yrs,61181
2022-03-21,70-79yrs,43218
2022-03-21,80+,27618
2022-03-22,05-11yrs,35469
2022-03-22,12-17yrs,48822
2022-03-22,18-29yrs,78621
2022-03-22,30-39yrs,70808
2022-03-22,40-49yrs,85170
2022-03-22,50-59yrs,81998
2022-03-22,60-69yrs,61190
2022-03-22,70-79yrs,43221
2022-03-22,80+,27616
2022-03-23,05-11yrs,35478
2022-03-23,12-17yrs,48824
2022-03-23,18-29yrs,78629
2022-03-23,30-39yrs,70809
2022-03-23,40-49yrs,85173
2022-03-23,50-59yrs,81998
2022-03-23,60-69yrs,61195
2022-03-23,70-79yrs,43223
2022-03-23,80+,27616
2022-03-24,05-11yrs,35494
2022-03-24,12-17yrs,48825
2022-03-24,18-29yrs,78634
2022-03-24,30-39yrs,70815
2022-03-24,40-49yrs,85176
2022-03-24,50-59yrs,82001
2022-03-24,60-69yrs,61196
2022-03-24,70-79yrs,43223
2022-03-24,80+,27617
2022-03-25,05-11yrs,35504
2022-03-25,12-17yrs,48826
2022-03-25,18-29yrs,78637
2022-03-25,30-39yrs,70816
2022-03-25,40-49yrs,85177
2022-03-25,50-59yrs,82006
2022-03-25,60-69yrs,61199
2022-03-25,70-79yrs,43224
2022-03-25,80+,27617
2022-03-26,05-11yrs,35508
2022-03-26,12-17yrs,48827
2022-03-26,18-29yrs,78649
2022-03-26,30-39yrs,70820
2022-03-26,40-49yrs,85178
2022-03-26,50-59yrs,82014
2022-03-26,60-69yrs,61200
2022-03-26,70-79yrs,43225
2022-03-26,80+,27617
2022-03-27,05-11yrs,35539
2022-03-27,12-17yrs,48831
2022-03-27,18-29yrs,78652
2022-03-27,30-39yrs,70821
2022-03-27,40-49yrs,85179
2022-03-27,50-59yrs,82015
2022-03-27,60-69yrs,61201
2022-03-27,70-79yrs,43227
2022-03-27,80+,27618
