2021-07-26,12-17yrs,207
2021-07-26,18-29yrs,1313
2021-07-26,30-39yrs,932
2021-07-26,40-49yrs,507
2021-07-26,50-59yrs,495
2021-07-26,60-69yrs,536
2021-07-26,70-79yrs,198
2021-07-26,80+,49
2021-07-27,12-17yrs,222
2021-07-27,18-29yrs,1368
2021-07-27,30-39yrs,977
2021-07-27,40-49yrs,532
2021-07-27,50-59yrs,515
2021-07-27,60-69yrs,560
2021-07-27,70-79yrs,214
2021-07-27,80+,50
2021-07-28,12-17yrs,233
2021-07-28,18-29yrs,1414
2021-07-28,30-39yrs,1002
2021-07-28,40-49yrs,543
2021-07-28,50-59yrs,534
2021-07-28,60-69yrs,574
2021-07-28,70-79yrs,228
2021-07-28,80+,50
2021-07-29,12-17yrs,239
2021-07-29,18-29yrs,1439
2021-07-29,30-39yrs,1021
2021-07-29,40-49yrs,551
2021-07-29,50-59yrs,526
2021-07-29,60-69yrs,581
2021-07-29,70-79yrs,227
2021-07-29,80+,50
2021-07-30,12-17yrs,254
2021-07-30,18-29yrs,1509
2021-07-30,30-39yrs,1045
2021-07-30,40-49yrs,564
2021-07-30,50-59yrs,540
2021-07-30,60-69yrs,585
2021-07-30,70-79yrs,231
2021-07-30,80+,52
2021-07-31,12-17yrs,256
2021-07-31,18-29yrs,1560
2021-07-31,30-39yrs,1058
2021-07-31,40-49yrs,578
2021-07-31,50-59yrs,562
2021-07-31,60-69yrs,590
2021-07-31,70-79yrs,233
2021-07-31,80+,54
2021-08-01,12-17yrs,262
2021-08-01,18-29yrs,1577
2021-08-01,30-39yrs,1063
2021-08-01,40-49yrs,579
2021-08-01,50-59yrs,562
2021-08-01,60-69yrs,588
2021-08-01,70-79yrs,232
2021-08-01,80+,54
2021-08-02,12-17yrs,262
2021-08-02,18-29yrs,1591
2021-08-02,30-39yrs,1069
2021-08-02,40-49yrs,585
2021-08-02,50-59yrs,567
2021-08-02,60-69yrs,592
2021-08-02,70-79yrs,233
2021-08-02,80+,55
2021-08-03,12-17yrs,263
2021-08-03,18-29yrs,1605
2021-08-03,30-39yrs,1075
2021-08-03,40-49yrs,587
2021-08-03,50-59yrs,575
2021-08-03,60-69yrs,596
2021-08-03,70-79yrs,233
2021-08-03,80+,55
2021-08-04,12-17yrs,270
2021-08-04,18-29yrs,1661
2021-08-04,30-39yrs,1104
2021-08-04,40-49yrs,606
2021-08-04,50-59yrs,583
2021-08-04,60-69yrs,602
2021-08-04,70-79yrs,236
2021-08-04,80+,55
2021-08-05,12-17yrs,283
2021-08-05,18-29yrs,1699
2021-08-05,30-39yrs,1122
2021-08-05,40-49yrs,620
2021-08-05,50-59yrs,586
2021-08-05,60-69yrs,612
2021-08-05,70-79yrs,239
2021-08-05,80+,55
2021-08-06,12-17yrs,290
2021-08-06,18-29yrs,1735
2021-08-06,30-39yrs,1141
2021-08-06,40-49yrs,629
2021-08-06,50-59yrs,601
2021-08-06,60-69yrs,611
2021-08-06,70-79yrs,239
2021-08-06,80+,58
2021-08-07,12-17yrs,295
2021-08-07,18-29yrs,1757
2021-08-07,30-39yrs,1159
2021-08-07,40-49yrs,648
2021-08-07,50-59yrs,611
2021-08-07,60-69yrs,615
2021-08-07,70-79yrs,236
2021-08-07,80+,57
2021-08-08,12-17yrs,296
2021-08-08,18-29yrs,1753
2021-08-08,30-39yrs,1157
2021-08-08,40-49yrs,641
2021-08-08,50-59yrs,612
2021-08-08,60-69yrs,614
2021-08-08,70-79yrs,237
2021-08-08,80+,57
2021-08-09,12-17yrs,300
2021-08-09,18-29yrs,1768
2021-08-09,30-39yrs,1162
2021-08-09,40-49yrs,646
2021-08-09,50-59yrs,615
2021-08-09,60-69yrs,614
2021-08-09,70-79yrs,238
2021-08-09,80+,57
2021-08-10,12-17yrs,302
2021-08-10,18-29yrs,1795
2021-08-10,30-39yrs,1178
2021-08-10,40-49yrs,651
2021-08-10,50-59yrs,619
2021-08-10,60-69yrs,626
2021-08-10,70-79yrs,241
2021-08-10,80+,59
2021-08-11,12-17yrs,309
2021-08-11,18-29yrs,1807
2021-08-11,30-39yrs,1182
2021-08-11,40-49yrs,654
2021-08-11,50-59yrs,628
2021-08-11,60-69yrs,624
2021-08-11,70-79yrs,246
2021-08-11,80+,58
2021-08-12,12-17yrs,317
2021-08-12,18-29yrs,1836
2021-08-12,30-39yrs,1209
2021-08-12,40-49yrs,660
2021-08-12,50-59yrs,633
2021-08-12,60-69yrs,629
2021-08-12,70-79yrs,246
2021-08-12,80+,58
2021-08-13,12-17yrs,323
2021-08-13,18-29yrs,1851
2021-08-13,30-39yrs,1218
2021-08-13,40-49yrs,661
2021-08-13,50-59yrs,638
2021-08-13,60-69yrs,631
2021-08-13,70-79yrs,248
2021-08-13,80+,58
2021-08-14,12-17yrs,326
2021-08-14,18-29yrs,1870
2021-08-14,30-39yrs,1222
2021-08-14,40-49yrs,671
2021-08-14,50-59yrs,645
2021-08-14,60-69yrs,634
2021-08-14,70-79yrs,249
2021-08-14,80+,58
2021-08-15,12-17yrs,324
2021-08-15,18-29yrs,1885
2021-08-15,30-39yrs,1227
2021-08-15,40-49yrs,680
2021-08-15,50-59yrs,652
2021-08-15,60-69yrs,637
2021-08-15,70-79yrs,251
2021-08-15,80+,60
2021-08-16,12-17yrs,324
2021-08-16,18-29yrs,1895
2021-08-16,30-39yrs,1234
2021-08-16,40-49yrs,680
2021-08-16,50-59yrs,658
2021-08-16,60-69yrs,639
2021-08-16,70-79yrs,252
2021-08-16,80+,60
2021-08-17,12-17yrs,330
2021-08-17,18-29yrs,1935
2021-08-17,30-39yrs,1261
2021-08-17,40-49yrs,698
2021-08-17,50-59yrs,666
2021-08-17,60-69yrs,650
2021-08-17,70-79yrs,259
2021-08-17,80+,60
2021-08-18,12-17yrs,338
2021-08-18,18-29yrs,1973
2021-08-18,30-39yrs,1281
2021-08-18,40-49yrs,713
2021-08-18,50-59yrs,674
2021-08-18,60-69yrs,659
2021-08-18,70-79yrs,259
2021-08-18,80+,63
2021-08-19,12-17yrs,344
2021-08-19,18-29yrs,1995
2021-08-19,30-39yrs,1294
2021-08-19,40-49yrs,720
2021-08-19,50-59yrs,676
2021-08-19,60-69yrs,663
2021-08-19,70-79yrs,262
2021-08-19,80+,64
2021-08-20,12-17yrs,348
2021-08-20,18-29yrs,2023
2021-08-20,30-39yrs,1308
2021-08-20,40-49yrs,725
2021-08-20,50-59yrs,683
2021-08-20,60-69yrs,662
2021-08-20,70-79yrs,265
2021-08-20,80+,63
2021-08-21,12-17yrs,347
2021-08-21,18-29yrs,2046
2021-08-21,30-39yrs,1325
2021-08-21,40-49yrs,738
2021-08-21,50-59yrs,694
2021-08-21,60-69yrs,665
2021-08-21,70-79yrs,263
2021-08-21,80+,62
2021-08-22,12-17yrs,347
2021-08-22,18-29yrs,2045
2021-08-22,30-39yrs,1328
2021-08-22,40-49yrs,739
2021-08-22,50-59yrs,696
2021-08-22,60-69yrs,665
2021-08-22,70-79yrs,265
2021-08-22,80+,62
2021-08-23,12-17yrs,348
2021-08-23,18-29yrs,2048
2021-08-23,30-39yrs,1329
2021-08-23,40-49yrs,740
2021-08-23,50-59yrs,695
2021-08-23,60-69yrs,665
2021-08-23,70-79yrs,265
2021-08-23,80+,62
2021-08-24,12-17yrs,353
2021-08-24,18-29yrs,2061
2021-08-24,30-39yrs,1335
2021-08-24,40-49yrs,744
2021-08-24,50-59yrs,698
2021-08-24,60-69yrs,664
2021-08-24,70-79yrs,268
2021-08-24,80+,62
2021-08-25,12-17yrs,355
2021-08-25,18-29yrs,2096
2021-08-25,30-39yrs,1345
2021-08-25,40-49yrs,752
2021-08-25,50-59yrs,708
2021-08-25,60-69yrs,661
2021-08-25,70-79yrs,268
2021-08-25,80+,62
2021-08-26,12-17yrs,365
2021-08-26,18-29yrs,2142
2021-08-26,30-39yrs,1366
2021-08-26,40-49yrs,777
2021-08-26,50-59yrs,718
2021-08-26,60-69yrs,669
2021-08-26,70-79yrs,271
2021-08-26,80+,61
2021-08-27,12-17yrs,366
2021-08-27,18-29yrs,2171
2021-08-27,30-39yrs,1376
2021-08-27,40-49yrs,783
2021-08-27,50-59yrs,721
2021-08-27,60-69yrs,671
2021-08-27,70-79yrs,271
2021-08-27,80+,63
2021-08-28,12-17yrs,368
2021-08-28,18-29yrs,2198
2021-08-28,30-39yrs,1389
2021-08-28,40-49yrs,793
2021-08-28,50-59yrs,727
2021-08-28,60-69yrs,674
2021-08-28,70-79yrs,272
2021-08-28,80+,63
2021-08-29,12-17yrs,368
2021-08-29,18-29yrs,2191
2021-08-29,30-39yrs,1388
2021-08-29,40-49yrs,797
2021-08-29,50-59yrs,730
2021-08-29,60-69yrs,677
2021-08-29,70-79yrs,273
2021-08-29,80+,63
2021-08-30,12-17yrs,372
2021-08-30,18-29yrs,2210
2021-08-30,30-39yrs,1399
2021-08-30,40-49yrs,808
2021-08-30,50-59yrs,736
2021-08-30,60-69yrs,679
2021-08-30,70-79yrs,273
2021-08-30,80+,63
2021-08-31,12-17yrs,379
2021-08-31,18-29yrs,2287
2021-08-31,30-39yrs,1407
2021-08-31,40-49yrs,816
2021-08-31,50-59yrs,737
2021-08-31,60-69yrs,681
2021-08-31,70-79yrs,275
2021-08-31,80+,64
2021-09-01,12-17yrs,378
2021-09-01,18-29yrs,2346
2021-09-01,30-39yrs,1426
2021-09-01,40-49yrs,833
2021-09-01,50-59yrs,749
2021-09-01,60-69yrs,685
2021-09-01,70-79yrs,277
2021-09-01,80+,63
2021-09-02,12-17yrs,385
2021-09-02,18-29yrs,2408
2021-09-02,30-39yrs,1446
2021-09-02,40-49yrs,855
2021-09-02,50-59yrs,760
2021-09-02,60-69yrs,694
2021-09-02,70-79yrs,276
2021-09-02,80+,63
2021-09-03,12-17yrs,390
2021-09-03,18-29yrs,2495
2021-09-03,30-39yrs,1471
2021-09-03,40-49yrs,864
2021-09-03,50-59yrs,770
2021-09-03,60-69yrs,701
2021-09-03,70-79yrs,276
2021-09-03,80+,63
2021-09-04,12-17yrs,402
2021-09-04,18-29yrs,2534
2021-09-04,30-39yrs,1507
2021-09-04,40-49yrs,866
2021-09-04,50-59yrs,756
2021-09-04,60-69yrs,689
2021-09-04,70-79yrs,265
2021-09-04,80+,62
2021-09-05,12-17yrs,402
2021-09-05,18-29yrs,2542
2021-09-05,30-39yrs,1505
2021-09-05,40-49yrs,865
2021-09-05,50-59yrs,753
2021-09-05,60-69yrs,687
2021-09-05,70-79yrs,265
2021-09-05,80+,62
2021-09-06,12-17yrs,406
2021-09-06,18-29yrs,2576
2021-09-06,30-39yrs,1512
2021-09-06,40-49yrs,872
2021-09-06,50-59yrs,759
2021-09-06,60-69yrs,686
2021-09-06,70-79yrs,266
2021-09-06,80+,62
2021-09-07,12-17yrs,412
2021-09-07,18-29yrs,2610
2021-09-07,30-39yrs,1526
2021-09-07,40-49yrs,876
2021-09-07,50-59yrs,768
2021-09-07,60-69yrs,691
2021-09-07,70-79yrs,269
2021-09-07,80+,62
2021-09-08,12-17yrs,424
2021-09-08,18-29yrs,2702
2021-09-08,30-39yrs,1583
2021-09-08,40-49yrs,912
2021-09-08,50-59yrs,788
2021-09-08,60-69yrs,705
2021-09-08,70-79yrs,273
2021-09-08,80+,62
2021-09-09,12-17yrs,431
2021-09-09,18-29yrs,2758
2021-09-09,30-39yrs,1610
2021-09-09,40-49yrs,941
2021-09-09,50-59yrs,796
2021-09-09,60-69yrs,710
2021-09-09,70-79yrs,268
2021-09-09,80+,63
2021-09-10,12-17yrs,437
2021-09-10,18-29yrs,2948
2021-09-10,30-39yrs,1659
2021-09-10,40-49yrs,969
2021-09-10,50-59yrs,817
2021-09-10,60-69yrs,716
2021-09-10,70-79yrs,276
2021-09-10,80+,64
2021-09-11,12-17yrs,442
2021-09-11,18-29yrs,3047
2021-09-11,30-39yrs,1689
2021-09-11,40-49yrs,1003
2021-09-11,50-59yrs,830
2021-09-11,60-69yrs,729
2021-09-11,70-79yrs,274
2021-09-11,80+,65
2021-09-12,12-17yrs,442
2021-09-12,18-29yrs,3055
2021-09-12,30-39yrs,1700
2021-09-12,40-49yrs,1006
2021-09-12,50-59yrs,831
2021-09-12,60-69yrs,728
2021-09-12,70-79yrs,273
2021-09-12,80+,63
2021-09-13,12-17yrs,443
2021-09-13,18-29yrs,3065
2021-09-13,30-39yrs,1698
2021-09-13,40-49yrs,1006
2021-09-13,50-59yrs,832
2021-09-13,60-69yrs,729
2021-09-13,70-79yrs,273
2021-09-13,80+,63
2021-09-14,12-17yrs,452
2021-09-14,18-29yrs,3235
2021-09-14,30-39yrs,1748
2021-09-14,40-49yrs,1036
2021-09-14,50-59yrs,844
2021-09-14,60-69yrs,733
2021-09-14,70-79yrs,285
2021-09-14,80+,63
2021-09-15,12-17yrs,463
2021-09-15,18-29yrs,3343
2021-09-15,30-39yrs,1811
2021-09-15,40-49yrs,1061
2021-09-15,50-59yrs,858
2021-09-15,60-69yrs,742
2021-09-15,70-79yrs,287
2021-09-15,80+,64
2021-09-16,12-17yrs,470
2021-09-16,18-29yrs,3421
2021-09-16,30-39yrs,1809
2021-09-16,40-49yrs,1068
2021-09-16,50-59yrs,871
2021-09-16,60-69yrs,749
2021-09-16,70-79yrs,293
2021-09-16,80+,64
2021-09-17,12-17yrs,492
2021-09-17,18-29yrs,3504
2021-09-17,30-39yrs,1853
2021-09-17,40-49yrs,1086
2021-09-17,50-59yrs,892
2021-09-17,60-69yrs,753
2021-09-17,70-79yrs,295
2021-09-17,80+,67
2021-09-18,12-17yrs,496
2021-09-18,18-29yrs,3578
2021-09-18,30-39yrs,1889
2021-09-18,40-49yrs,1116
2021-09-18,50-59yrs,893
2021-09-18,60-69yrs,765
2021-09-18,70-79yrs,292
2021-09-18,80+,66
2021-09-19,12-17yrs,498
2021-09-19,18-29yrs,3602
2021-09-19,30-39yrs,1896
2021-09-19,40-49yrs,1119
2021-09-19,50-59yrs,903
2021-09-19,60-69yrs,763
2021-09-19,70-79yrs,292
2021-09-19,80+,66
2021-09-20,12-17yrs,504
2021-09-20,18-29yrs,3616
2021-09-20,30-39yrs,1917
2021-09-20,40-49yrs,1132
2021-09-20,50-59yrs,916
2021-09-20,60-69yrs,763
2021-09-20,70-79yrs,291
2021-09-20,80+,66
2021-09-21,12-17yrs,19
2021-09-21,18-29yrs,151
2021-09-21,30-39yrs,205
2021-09-21,40-49yrs,155
2021-09-21,50-59yrs,100
2021-09-21,60-69yrs,36
2021-09-21,70-79yrs,13
2021-09-21,80+,4
2021-09-22,12-17yrs,22
2021-09-22,18-29yrs,154
2021-09-22,30-39yrs,213
2021-09-22,40-49yrs,169
2021-09-22,50-59yrs,110
2021-09-22,60-69yrs,39
2021-09-22,70-79yrs,12
2021-09-22,80+,3
2021-09-23,12-17yrs,524
2021-09-23,18-29yrs,3807
2021-09-23,30-39yrs,2028
2021-09-23,40-49yrs,1222
2021-09-23,50-59yrs,972
2021-09-23,60-69yrs,794
2021-09-23,70-79yrs,304
2021-09-23,80+,73
2021-09-24,12-17yrs,532
2021-09-24,18-29yrs,3924
2021-09-24,30-39yrs,2106
2021-09-24,40-49yrs,1274
2021-09-24,50-59yrs,993
2021-09-24,60-69yrs,807
2021-09-24,70-79yrs,307
2021-09-24,80+,74
2021-09-25,12-17yrs,539
2021-09-25,18-29yrs,4050
2021-09-25,30-39yrs,2163
2021-09-25,40-49yrs,1321
2021-09-25,50-59yrs,1012
2021-09-25,60-69yrs,815
2021-09-25,70-79yrs,313
2021-09-25,80+,76
2021-09-26,12-17yrs,538
2021-09-26,18-29yrs,4078
2021-09-26,30-39yrs,2178
2021-09-26,40-49yrs,1345
2021-09-26,50-59yrs,1014
2021-09-26,60-69yrs,815
2021-09-26,70-79yrs,310
2021-09-26,80+,75
2021-09-27,12-17yrs,542
2021-09-27,18-29yrs,4098
2021-09-27,30-39yrs,2205
2021-09-27,40-49yrs,1391
2021-09-27,50-59yrs,1037
2021-09-27,60-69yrs,821
2021-09-27,70-79yrs,312
2021-09-27,80+,75
2021-09-28,12-17yrs,540
2021-09-28,18-29yrs,4251
2021-09-28,30-39yrs,2270
2021-09-28,40-49yrs,1435
2021-09-28,50-59yrs,1064
2021-09-28,60-69yrs,841
2021-09-28,70-79yrs,319
2021-09-28,80+,77
2021-09-29,12-17yrs,545
2021-09-29,18-29yrs,4455
2021-09-29,30-39yrs,2367
2021-09-29,40-49yrs,1501
2021-09-29,50-59yrs,1088
2021-09-29,60-69yrs,851
2021-09-29,70-79yrs,325
2021-09-29,80+,79
2021-09-30,12-17yrs,553
2021-09-30,18-29yrs,4564
2021-09-30,30-39yrs,2444
2021-09-30,40-49yrs,1556
2021-09-30,50-59yrs,1115
2021-09-30,60-69yrs,856
2021-09-30,70-79yrs,332
2021-09-30,80+,77
2021-10-01,12-17yrs,555
2021-10-01,18-29yrs,4644
2021-10-01,30-39yrs,2485
2021-10-01,40-49yrs,1577
2021-10-01,50-59yrs,1125
2021-10-01,60-69yrs,863
2021-10-01,70-79yrs,329
2021-10-01,80+,77
2021-10-02,12-17yrs,566
2021-10-02,18-29yrs,4801
2021-10-02,30-39yrs,2550
2021-10-02,40-49yrs,1613
2021-10-02,50-59yrs,1143
2021-10-02,60-69yrs,864
2021-10-02,70-79yrs,332
2021-10-02,80+,79
2021-10-03,12-17yrs,565
2021-10-03,18-29yrs,4847
2021-10-03,30-39yrs,2562
2021-10-03,40-49yrs,1619
2021-10-03,50-59yrs,1149
2021-10-03,60-69yrs,868
2021-10-03,70-79yrs,334
2021-10-03,80+,80
2021-10-04,12-17yrs,569
2021-10-04,18-29yrs,4889
2021-10-04,30-39yrs,2571
2021-10-04,40-49yrs,1628
2021-10-04,50-59yrs,1158
2021-10-04,60-69yrs,875
2021-10-04,70-79yrs,335
2021-10-04,80+,80
2021-10-05,12-17yrs,572
2021-10-05,18-29yrs,5027
2021-10-05,30-39yrs,2608
2021-10-05,40-49yrs,1647
2021-10-05,50-59yrs,1169
2021-10-05,60-69yrs,891
2021-10-05,70-79yrs,338
2021-10-05,80+,83
2021-10-06,12-17yrs,582
2021-10-06,18-29yrs,5183
2021-10-06,30-39yrs,2669
2021-10-06,40-49yrs,1680
2021-10-06,50-59yrs,1202
2021-10-06,60-69yrs,893
2021-10-06,70-79yrs,341
2021-10-06,80+,82
2021-10-07,12-17yrs,581
2021-10-07,18-29yrs,5262
2021-10-07,30-39yrs,2740
2021-10-07,40-49yrs,1724
2021-10-07,50-59yrs,1234
2021-10-07,60-69yrs,903
2021-10-07,70-79yrs,345
2021-10-07,80+,83
2021-10-08,12-17yrs,581
2021-10-08,18-29yrs,5587
2021-10-08,30-39yrs,2833
2021-10-08,40-49yrs,1786
2021-10-08,50-59yrs,1264
2021-10-08,60-69yrs,909
2021-10-08,70-79yrs,340
2021-10-08,80+,80
2021-10-09,12-17yrs,582
2021-10-09,18-29yrs,5670
2021-10-09,30-39yrs,2878
2021-10-09,40-49yrs,1812
2021-10-09,50-59yrs,1286
2021-10-09,60-69yrs,906
2021-10-09,70-79yrs,339
2021-10-09,80+,79
2021-10-10,12-17yrs,581
2021-10-10,18-29yrs,5706
2021-10-10,30-39yrs,2907
2021-10-10,40-49yrs,1823
2021-10-10,50-59yrs,1295
2021-10-10,60-69yrs,909
2021-10-10,70-79yrs,345
2021-10-10,80+,79
2021-10-11,12-17yrs,583
2021-10-11,18-29yrs,5739
2021-10-11,30-39yrs,2909
2021-10-11,40-49yrs,1833
2021-10-11,50-59yrs,1295
2021-10-11,60-69yrs,912
2021-10-11,70-79yrs,345
2021-10-11,80+,80
2021-10-12,12-17yrs,590
2021-10-12,18-29yrs,5788
2021-10-12,30-39yrs,2945
2021-10-12,40-49yrs,1855
2021-10-12,50-59yrs,1311
2021-10-12,60-69yrs,919
2021-10-12,70-79yrs,347
2021-10-12,80+,80
2021-10-13,12-17yrs,575
2021-10-13,18-29yrs,5740
2021-10-13,30-39yrs,2453
2021-10-13,40-49yrs,1362
2021-10-13,50-59yrs,1047
2021-10-13,60-69yrs,897
2021-10-13,70-79yrs,351
2021-10-13,80+,79
2021-10-14,12-17yrs,584
2021-10-14,18-29yrs,5833
2021-10-14,30-39yrs,2485
2021-10-14,40-49yrs,1371
2021-10-14,50-59yrs,1053
2021-10-14,60-69yrs,900
2021-10-14,70-79yrs,346
2021-10-14,80+,78
2021-10-15,12-17yrs,630
2021-10-15,18-29yrs,6046
2021-10-15,30-39yrs,2537
2021-10-15,40-49yrs,1392
2021-10-15,50-59yrs,1063
2021-10-15,60-69yrs,915
2021-10-15,70-79yrs,348
2021-10-15,80+,80
2021-10-16,12-17yrs,628
2021-10-16,18-29yrs,6192
2021-10-16,30-39yrs,2544
2021-10-16,40-49yrs,1399
2021-10-16,50-59yrs,1066
2021-10-16,60-69yrs,919
2021-10-16,70-79yrs,355
2021-10-16,80+,76
2021-10-17,12-17yrs,630
2021-10-17,18-29yrs,6250
2021-10-17,30-39yrs,2552
2021-10-17,40-49yrs,1406
2021-10-17,50-59yrs,1069
2021-10-17,60-69yrs,918
2021-10-17,70-79yrs,357
2021-10-17,80+,76
2021-10-18,12-17yrs,631
2021-10-18,18-29yrs,6284
2021-10-18,30-39yrs,2564
2021-10-18,40-49yrs,1414
2021-10-18,50-59yrs,1076
2021-10-18,60-69yrs,919
2021-10-18,70-79yrs,358
2021-10-18,80+,77
2021-10-19,12-17yrs,642
2021-10-19,18-29yrs,6482
2021-10-19,30-39yrs,2630
2021-10-19,40-49yrs,1437
2021-10-19,50-59yrs,1090
2021-10-19,60-69yrs,932
2021-10-19,70-79yrs,366
2021-10-19,80+,77
2021-10-20,12-17yrs,655
2021-10-20,18-29yrs,6646
2021-10-20,30-39yrs,2678
2021-10-20,40-49yrs,1447
2021-10-20,50-59yrs,1103
2021-10-20,60-69yrs,945
2021-10-20,70-79yrs,373
2021-10-20,80+,78
2021-10-21,12-17yrs,656
2021-10-21,18-29yrs,6819
2021-10-21,30-39yrs,2727
2021-10-21,40-49yrs,1466
2021-10-21,50-59yrs,1120
2021-10-21,60-69yrs,953
2021-10-21,70-79yrs,380
2021-10-21,80+,79
2021-10-22,12-17yrs,696
2021-10-22,18-29yrs,6986
2021-10-22,30-39yrs,2763
2021-10-22,40-49yrs,1489
2021-10-22,50-59yrs,1132
2021-10-22,60-69yrs,963
2021-10-22,70-79yrs,381
2021-10-22,80+,81
2021-10-23,12-17yrs,707
2021-10-23,18-29yrs,7139
2021-10-23,30-39yrs,2794
2021-10-23,40-49yrs,1508
2021-10-23,50-59yrs,1143
2021-10-23,60-69yrs,976
2021-10-23,70-79yrs,388
2021-10-23,80+,81
2021-10-24,12-17yrs,705
2021-10-24,18-29yrs,7189
2021-10-24,30-39yrs,2807
2021-10-24,40-49yrs,1509
2021-10-24,50-59yrs,1141
2021-10-24,60-69yrs,978
2021-10-24,70-79yrs,378
2021-10-24,80+,82
2021-10-25,12-17yrs,708
2021-10-25,18-29yrs,7199
2021-10-25,30-39yrs,2804
2021-10-25,40-49yrs,1508
2021-10-25,50-59yrs,1139
2021-10-25,60-69yrs,974
2021-10-25,70-79yrs,376
2021-10-25,80+,83
2021-10-26,12-17yrs,721
2021-10-26,18-29yrs,7304
2021-10-26,30-39yrs,2836
2021-10-26,40-49yrs,1533
2021-10-26,50-59yrs,1157
2021-10-26,60-69yrs,987
2021-10-26,70-79yrs,382
2021-10-26,80+,83
2021-10-27,12-17yrs,723
2021-10-27,18-29yrs,7409
2021-10-27,30-39yrs,2868
2021-10-27,40-49yrs,1541
2021-10-27,50-59yrs,1173
2021-10-27,60-69yrs,998
2021-10-27,70-79yrs,382
2021-10-27,80+,85
2021-10-28,12-17yrs,726
2021-10-28,18-29yrs,7534
2021-10-28,30-39yrs,2909
2021-10-28,40-49yrs,1553
2021-10-28,50-59yrs,1191
2021-10-28,60-69yrs,1005
2021-10-28,70-79yrs,385
2021-10-28,80+,83
2021-10-29,12-17yrs,727
2021-10-29,18-29yrs,7657
2021-10-29,30-39yrs,2929
2021-10-29,40-49yrs,1572
2021-10-29,50-59yrs,1200
2021-10-29,60-69yrs,1015
2021-10-29,70-79yrs,383
2021-10-29,80+,83
2021-10-30,12-17yrs,733
2021-10-30,18-29yrs,7746
2021-10-30,30-39yrs,2957
2021-10-30,40-49yrs,1574
2021-10-30,50-59yrs,1212
2021-10-30,60-69yrs,1021
2021-10-30,70-79yrs,383
2021-10-30,80+,87
2021-10-31,12-17yrs,733
2021-10-31,18-29yrs,7790
2021-10-31,30-39yrs,2966
2021-10-31,40-49yrs,1580
2021-10-31,50-59yrs,1215
2021-10-31,60-69yrs,1024
2021-10-31,70-79yrs,381
2021-10-31,80+,86
2021-11-01,12-17yrs,734
2021-11-01,18-29yrs,7820
2021-11-01,30-39yrs,2982
2021-11-01,40-49yrs,1582
2021-11-01,50-59yrs,1217
2021-11-01,60-69yrs,1026
2021-11-01,70-79yrs,379
2021-11-01,80+,85
2021-11-02,12-17yrs,738
2021-11-02,18-29yrs,7948
2021-11-02,30-39yrs,3032
2021-11-02,40-49yrs,1603
2021-11-02,50-59yrs,1236
2021-11-02,60-69yrs,1043
2021-11-02,70-79yrs,388
2021-11-02,80+,85
2021-11-03,12-17yrs,744
2021-11-03,18-29yrs,8051
2021-11-03,30-39yrs,3049
2021-11-03,40-49yrs,1618
2021-11-03,50-59yrs,1250
2021-11-03,60-69yrs,1053
2021-11-03,70-79yrs,387
2021-11-03,80+,86
2021-11-04,12-17yrs,749
2021-11-04,18-29yrs,8133
2021-11-04,30-39yrs,3068
2021-11-04,40-49yrs,1627
2021-11-04,50-59yrs,1249
2021-11-04,60-69yrs,1055
2021-11-04,70-79yrs,389
2021-11-04,80+,86
2021-11-05,12-17yrs,754
2021-11-05,18-29yrs,8211
2021-11-05,30-39yrs,3107
2021-11-05,40-49yrs,1635
2021-11-05,50-59yrs,1255
2021-11-05,60-69yrs,1062
2021-11-05,70-79yrs,393
2021-11-05,80+,89
2021-11-06,12-17yrs,753
2021-11-06,18-29yrs,8181
2021-11-06,30-39yrs,3082
2021-11-06,40-49yrs,1629
2021-11-06,50-59yrs,1245
2021-11-06,60-69yrs,1058
2021-11-06,70-79yrs,391
2021-11-06,80+,83
2021-11-07,12-17yrs,755
2021-11-07,18-29yrs,8200
2021-11-07,30-39yrs,3089
2021-11-07,40-49yrs,1630
2021-11-07,50-59yrs,1250
2021-11-07,60-69yrs,1060
2021-11-07,70-79yrs,391
2021-11-07,80+,83
2021-11-08,12-17yrs,761
2021-11-08,18-29yrs,8277
2021-11-08,30-39yrs,3112
2021-11-08,40-49yrs,1636
2021-11-08,50-59yrs,1266
2021-11-08,60-69yrs,1066
2021-11-08,70-79yrs,393
2021-11-08,80+,84
2021-11-09,12-17yrs,769
2021-11-09,18-29yrs,8378
2021-11-09,30-39yrs,3140
2021-11-09,40-49yrs,1653
2021-11-09,50-59yrs,1274
2021-11-09,60-69yrs,1076
2021-11-09,70-79yrs,397
2021-11-09,80+,82
2021-11-10,12-17yrs,772
2021-11-10,18-29yrs,8464
2021-11-10,30-39yrs,3184
2021-11-10,40-49yrs,1665
2021-11-10,50-59yrs,1287
2021-11-10,60-69yrs,1083
2021-11-10,70-79yrs,400
2021-11-10,80+,83
2021-11-11,12-17yrs,776
2021-11-11,18-29yrs,8560
2021-11-11,30-39yrs,3214
2021-11-11,40-49yrs,1684
2021-11-11,50-59yrs,1307
2021-11-11,60-69yrs,1096
2021-11-11,70-79yrs,406
2021-11-11,80+,84
2021-11-12,12-17yrs,777
2021-11-12,18-29yrs,8594
2021-11-12,30-39yrs,3226
2021-11-12,40-49yrs,1683
2021-11-12,50-59yrs,1309
2021-11-12,60-69yrs,1101
2021-11-12,70-79yrs,409
2021-11-12,80+,85
2021-11-13,12-17yrs,779
2021-11-13,18-29yrs,8664
2021-11-13,30-39yrs,3259
2021-11-13,40-49yrs,1691
2021-11-13,50-59yrs,1315
2021-11-13,60-69yrs,1115
2021-11-13,70-79yrs,416
2021-11-13,80+,83
2021-11-14,12-17yrs,779
2021-11-14,18-29yrs,8679
2021-11-14,30-39yrs,3267
2021-11-14,40-49yrs,1693
2021-11-14,50-59yrs,1319
2021-11-14,60-69yrs,1118
2021-11-14,70-79yrs,406
2021-11-14,80+,83
2021-11-15,12-17yrs,780
2021-11-15,18-29yrs,8713
2021-11-15,30-39yrs,3274
2021-11-15,40-49yrs,1696
2021-11-15,50-59yrs,1317
2021-11-15,60-69yrs,1120
2021-11-15,70-79yrs,408
2021-11-15,80+,84
2021-11-16,12-17yrs,788
2021-11-16,18-29yrs,8885
2021-11-16,30-39yrs,3310
2021-11-16,40-49yrs,1715
2021-11-16,50-59yrs,1338
2021-11-16,60-69yrs,1129
2021-11-16,70-79yrs,408
2021-11-16,80+,87
2021-11-17,12-17yrs,793
2021-11-17,18-29yrs,9084
2021-11-17,30-39yrs,3380
2021-11-17,40-49yrs,1738
2021-11-17,50-59yrs,1366
2021-11-17,60-69yrs,1151
2021-11-17,70-79yrs,412
2021-11-17,80+,92
2021-11-18,12-17yrs,798
2021-11-18,18-29yrs,9232
2021-11-18,30-39yrs,3427
2021-11-18,40-49yrs,1760
2021-11-18,50-59yrs,1392
2021-11-18,60-69yrs,1164
2021-11-18,70-79yrs,419
2021-11-18,80+,94
2021-11-19,12-17yrs,803
2021-11-19,18-29yrs,9344
2021-11-19,30-39yrs,3445
2021-11-19,40-49yrs,1761
2021-11-19,50-59yrs,1397
2021-11-19,60-69yrs,1175
2021-11-19,70-79yrs,421
2021-11-19,80+,97
2021-11-20,12-17yrs,804
2021-11-20,18-29yrs,9477
2021-11-20,30-39yrs,3482
2021-11-20,40-49yrs,1771
2021-11-20,50-59yrs,1405
2021-11-20,60-69yrs,1181
2021-11-20,70-79yrs,433
2021-11-20,80+,100
2021-11-21,12-17yrs,805
2021-11-21,18-29yrs,9584
2021-11-21,30-39yrs,3515
2021-11-21,40-49yrs,1779
2021-11-21,50-59yrs,1419
2021-11-21,60-69yrs,1193
2021-11-21,70-79yrs,434
2021-11-21,80+,101
2021-11-22,12-17yrs,805
2021-11-22,18-29yrs,9618
2021-11-22,30-39yrs,3525
2021-11-22,40-49yrs,1785
2021-11-22,50-59yrs,1422
2021-11-22,60-69yrs,1196
2021-11-22,70-79yrs,437
2021-11-22,80+,102
2021-11-23,12-17yrs,810
2021-11-23,18-29yrs,9764
2021-11-23,30-39yrs,3560
2021-11-23,40-49yrs,1807
2021-11-23,50-59yrs,1441
2021-11-23,60-69yrs,1221
2021-11-23,70-79yrs,442
2021-11-23,80+,103
2021-11-24,12-17yrs,806
2021-11-24,18-29yrs,9857
2021-11-24,30-39yrs,3603
2021-11-24,40-49yrs,1823
2021-11-24,50-59yrs,1460
2021-11-24,60-69yrs,1229
2021-11-24,70-79yrs,451
2021-11-24,80+,106
2021-11-25,12-17yrs,811
2021-11-25,18-29yrs,9972
2021-11-25,30-39yrs,3623
2021-11-25,40-49yrs,1836
2021-11-25,50-59yrs,1474
2021-11-25,60-69yrs,1237
2021-11-25,70-79yrs,455
2021-11-25,80+,110
2021-11-26,12-17yrs,815
2021-11-26,18-29yrs,10057
2021-11-26,30-39yrs,3646
2021-11-26,40-49yrs,1847
2021-11-26,50-59yrs,1489
2021-11-26,60-69yrs,1254
2021-11-26,70-79yrs,468
2021-11-26,80+,109
2021-11-27,12-17yrs,818
2021-11-27,18-29yrs,10103
2021-11-27,30-39yrs,3671
2021-11-27,40-49yrs,1859
2021-11-27,50-59yrs,1497
2021-11-27,60-69yrs,1257
2021-11-27,70-79yrs,478
2021-11-27,80+,110
2021-11-28,12-17yrs,818
2021-11-28,18-29yrs,10163
2021-11-28,30-39yrs,3695
2021-11-28,40-49yrs,1872
2021-11-28,50-59yrs,1507
2021-11-28,60-69yrs,1262
2021-11-28,70-79yrs,479
2021-11-28,80+,111
2021-11-29,12-17yrs,822
2021-11-29,18-29yrs,10189
2021-11-29,30-39yrs,3711
2021-11-29,40-49yrs,1874
2021-11-29,50-59yrs,1507
2021-11-29,60-69yrs,1268
2021-11-29,70-79yrs,480
2021-11-29,80+,112
2021-11-30,12-17yrs,824
2021-11-30,18-29yrs,10243
2021-11-30,30-39yrs,3749
2021-11-30,40-49yrs,1881
2021-11-30,50-59yrs,1528
2021-11-30,60-69yrs,1284
2021-11-30,70-79yrs,487
2021-11-30,80+,117
2021-12-01,12-17yrs,833
2021-12-01,18-29yrs,10486
2021-12-01,30-39yrs,3830
2021-12-01,40-49yrs,1915
2021-12-01,50-59yrs,1558
2021-12-01,60-69yrs,1320
2021-12-01,70-79yrs,519
2021-12-01,80+,114
2021-12-02,12-17yrs,833
2021-12-02,18-29yrs,10486
2021-12-02,30-39yrs,3830
2021-12-02,40-49yrs,1915
2021-12-02,50-59yrs,1558
2021-12-02,60-69yrs,1320
2021-12-02,70-79yrs,519
2021-12-02,80+,114
2021-12-03,12-17yrs,833
2021-12-03,18-29yrs,10486
2021-12-03,30-39yrs,3830
2021-12-03,40-49yrs,1915
2021-12-03,50-59yrs,1558
2021-12-03,60-69yrs,1320
2021-12-03,70-79yrs,519
2021-12-03,80+,114
2021-12-04,12-17yrs,835
2021-12-04,18-29yrs,10544
2021-12-04,30-39yrs,3848
2021-12-04,40-49yrs,1924
2021-12-04,50-59yrs,1571
2021-12-04,60-69yrs,1323
2021-12-04,70-79yrs,522
2021-12-04,80+,114
2021-12-05,12-17yrs,841
2021-12-05,18-29yrs,10637
2021-12-05,30-39yrs,3872
2021-12-05,40-49yrs,1939
2021-12-05,50-59yrs,1577
2021-12-05,60-69yrs,1345
2021-12-05,70-79yrs,531
2021-12-05,80+,119
2021-12-06,12-17yrs,846
2021-12-06,18-29yrs,10740
2021-12-06,30-39yrs,3901
2021-12-06,40-49yrs,1952
2021-12-06,50-59yrs,1585
2021-12-06,60-69yrs,1362
2021-12-06,70-79yrs,542
2021-12-06,80+,123
2021-12-07,12-17yrs,851
2021-12-07,18-29yrs,10806
2021-12-07,30-39yrs,3922
2021-12-07,40-49yrs,1979
2021-12-07,50-59yrs,1592
2021-12-07,60-69yrs,1374
2021-12-07,70-79yrs,552
2021-12-07,80+,125
2021-12-08,12-17yrs,856
2021-12-08,18-29yrs,10834
2021-12-08,30-39yrs,3935
2021-12-08,40-49yrs,1988
2021-12-08,50-59yrs,1603
2021-12-08,60-69yrs,1384
2021-12-08,70-79yrs,559
2021-12-08,80+,126
2021-12-09,12-17yrs,857
2021-12-09,18-29yrs,10913
2021-12-09,30-39yrs,3958
2021-12-09,40-49yrs,1990
2021-12-09,50-59yrs,1622
2021-12-09,60-69yrs,1404
2021-12-09,70-79yrs,571
2021-12-09,80+,130
2021-12-10,12-17yrs,862
2021-12-10,18-29yrs,10977
2021-12-10,30-39yrs,3991
2021-12-10,40-49yrs,1999
2021-12-10,50-59yrs,1641
2021-12-10,60-69yrs,1425
2021-12-10,70-79yrs,582
2021-12-10,80+,132
2021-12-11,12-17yrs,865
2021-12-11,18-29yrs,11059
2021-12-11,30-39yrs,4025
2021-12-11,40-49yrs,2010
2021-12-11,50-59yrs,1647
2021-12-11,60-69yrs,1439
2021-12-11,70-79yrs,593
2021-12-11,80+,134
2021-12-12,12-17yrs,867
2021-12-12,18-29yrs,11115
2021-12-12,30-39yrs,4049
2021-12-12,40-49yrs,2022
2021-12-12,50-59yrs,1659
2021-12-12,60-69yrs,1455
2021-12-12,70-79yrs,598
2021-12-12,80+,135
2021-12-13,12-17yrs,871
2021-12-13,18-29yrs,11161
2021-12-13,30-39yrs,4064
2021-12-13,40-49yrs,2030
2021-12-13,50-59yrs,1663
2021-12-13,60-69yrs,1469
2021-12-13,70-79yrs,601
2021-12-13,80+,135
2021-12-14,12-17yrs,875
2021-12-14,18-29yrs,11255
2021-12-14,30-39yrs,4092
2021-12-14,40-49yrs,2042
2021-12-14,50-59yrs,1677
2021-12-14,60-69yrs,1485
2021-12-14,70-79yrs,608
2021-12-14,80+,139
2021-12-15,12-17yrs,878
2021-12-15,18-29yrs,11348
2021-12-15,30-39yrs,4127
2021-12-15,40-49yrs,2061
2021-12-15,50-59yrs,1702
2021-12-15,60-69yrs,1519
2021-12-15,70-79yrs,622
2021-12-15,80+,141
2021-12-16,12-17yrs,883
2021-12-16,18-29yrs,11400
2021-12-16,30-39yrs,4135
2021-12-16,40-49yrs,2066
2021-12-16,50-59yrs,1719
2021-12-16,60-69yrs,1525
2021-12-16,70-79yrs,628
2021-12-16,80+,142
2021-12-17,12-17yrs,888
2021-12-17,18-29yrs,11436
2021-12-17,30-39yrs,4146
2021-12-17,40-49yrs,2073
2021-12-17,50-59yrs,1718
2021-12-17,60-69yrs,1536
2021-12-17,70-79yrs,641
2021-12-17,80+,146
2021-12-18,12-17yrs,891
2021-12-18,18-29yrs,11452
2021-12-18,30-39yrs,4148
2021-12-18,40-49yrs,2078
2021-12-18,50-59yrs,1717
2021-12-18,60-69yrs,1543
2021-12-18,70-79yrs,649
2021-12-18,80+,148
2021-12-19,12-17yrs,890
2021-12-19,18-29yrs,11475
2021-12-19,30-39yrs,4152
2021-12-19,40-49yrs,2083
2021-12-19,50-59yrs,1729
2021-12-19,60-69yrs,1551
2021-12-19,70-79yrs,658
2021-12-19,80+,150
2021-12-20,12-17yrs,897
2021-12-20,18-29yrs,11539
2021-12-20,30-39yrs,4176
2021-12-20,40-49yrs,2091
2021-12-20,50-59yrs,1739
2021-12-20,60-69yrs,1569
2021-12-20,70-79yrs,670
2021-12-20,80+,151
2021-12-21,12-17yrs,899
2021-12-21,18-29yrs,11631
2021-12-21,30-39yrs,4196
2021-12-21,40-49yrs,2097
2021-12-21,50-59yrs,1760
2021-12-21,60-69yrs,1589
2021-12-21,70-79yrs,678
2021-12-21,80+,156
2021-12-22,12-17yrs,900
2021-12-22,18-29yrs,11663
2021-12-22,30-39yrs,4213
2021-12-22,40-49yrs,2111
2021-12-22,50-59yrs,1772
2021-12-22,60-69yrs,1612
2021-12-22,70-79yrs,688
2021-12-22,80+,162
2021-12-23,12-17yrs,905
2021-12-23,18-29yrs,11690
2021-12-23,30-39yrs,4247
2021-12-23,40-49yrs,2125
2021-12-23,50-59yrs,1790
2021-12-23,60-69yrs,1626
2021-12-23,70-79yrs,694
2021-12-23,80+,163
2021-12-24,12-17yrs,907
2021-12-24,18-29yrs,11696
2021-12-24,30-39yrs,4267
2021-12-24,40-49yrs,2129
2021-12-24,50-59yrs,1803
2021-12-24,60-69yrs,1650
2021-12-24,70-79yrs,716
2021-12-24,80+,163
2021-12-25,12-17yrs,910
2021-12-25,18-29yrs,11726
2021-12-25,30-39yrs,4292
2021-12-25,40-49yrs,2137
2021-12-25,50-59yrs,1802
2021-12-25,60-69yrs,1655
2021-12-25,70-79yrs,716
2021-12-25,80+,166
2021-12-26,12-17yrs,909
2021-12-26,18-29yrs,11717
2021-12-26,30-39yrs,4278
2021-12-26,40-49yrs,2132
2021-12-26,50-59yrs,1801
2021-12-26,60-69yrs,1654
2021-12-26,70-79yrs,716
2021-12-26,80+,165
2021-12-27,12-17yrs,909
2021-12-27,18-29yrs,11722
2021-12-27,30-39yrs,4279
2021-12-27,40-49yrs,2134
2021-12-27,50-59yrs,1801
2021-12-27,60-69yrs,1656
2021-12-27,70-79yrs,718
2021-12-27,80+,166
2021-12-28,05-11yrs,2
2021-12-28,12-17yrs,917
2021-12-28,18-29yrs,11789
2021-12-28,30-39yrs,4325
2021-12-28,40-49yrs,2150
2021-12-28,50-59yrs,1823
2021-12-28,60-69yrs,1671
2021-12-28,70-79yrs,730
2021-12-28,80+,170
2021-12-29,05-11yrs,1
2021-12-29,12-17yrs,919
2021-12-29,18-29yrs,11841
2021-12-29,30-39yrs,4357
2021-12-29,40-49yrs,2173
2021-12-29,50-59yrs,1832
2021-12-29,60-69yrs,1681
2021-12-29,70-79yrs,737
2021-12-29,80+,170
2021-12-30,05-11yrs,1
2021-12-30,12-17yrs,918
2021-12-30,18-29yrs,11829
2021-12-30,30-39yrs,4350
2021-12-30,40-49yrs,2164
2021-12-30,50-59yrs,1832
2021-12-30,60-69yrs,1673
2021-12-30,70-79yrs,735
2021-12-30,80+,168
2021-12-31,05-11yrs,1
2021-12-31,12-17yrs,917
2021-12-31,18-29yrs,11811
2021-12-31,30-39yrs,4345
2021-12-31,40-49yrs,2165
2021-12-31,50-59yrs,1835
2021-12-31,60-69yrs,1665
2021-12-31,70-79yrs,736
2021-12-31,80+,169
2022-01-01,05-11yrs,1
2022-01-01,12-17yrs,921
2022-01-01,18-29yrs,11844
2022-01-01,30-39yrs,4367
2022-01-01,40-49yrs,2177
2022-01-01,50-59yrs,1841
2022-01-01,60-69yrs,1686
2022-01-01,70-79yrs,747
2022-01-01,80+,171
2022-01-02,05-11yrs,1
2022-01-02,12-17yrs,922
2022-01-02,18-29yrs,11870
2022-01-02,30-39yrs,4367
2022-01-02,40-49yrs,2177
2022-01-02,50-59yrs,1846
2022-01-02,60-69yrs,1689
2022-01-02,70-79yrs,751
2022-01-02,80+,172
2022-01-03,05-11yrs,1
2022-01-03,12-17yrs,923
2022-01-03,18-29yrs,11909
2022-01-03,30-39yrs,4398
2022-01-03,40-49yrs,2184
2022-01-03,50-59yrs,1853
2022-01-03,60-69yrs,1700
2022-01-03,70-79yrs,755
2022-01-03,80+,172
2022-01-04,05-11yrs,1
2022-01-04,12-17yrs,926
2022-01-04,18-29yrs,11956
2022-01-04,30-39yrs,4414
2022-01-04,40-49yrs,2194
2022-01-04,50-59yrs,1871
2022-01-04,60-69yrs,1718
2022-01-04,70-79yrs,761
2022-01-04,80+,173
2022-01-05,05-11yrs,1
2022-01-05,12-17yrs,934
2022-01-05,18-29yrs,12041
2022-01-05,30-39yrs,4439
2022-01-05,40-49yrs,2205
2022-01-05,50-59yrs,1895
2022-01-05,60-69yrs,1737
2022-01-05,70-79yrs,771
2022-01-05,80+,173
2022-01-06,05-11yrs,1
2022-01-06,12-17yrs,933
2022-01-06,18-29yrs,12149
2022-01-06,30-39yrs,4468
2022-01-06,40-49yrs,2212
2022-01-06,50-59yrs,1921
2022-01-06,60-69yrs,1759
2022-01-06,70-79yrs,780
2022-01-06,80+,176
2022-01-07,05-11yrs,2
2022-01-07,12-17yrs,932
2022-01-07,18-29yrs,12208
2022-01-07,30-39yrs,4496
2022-01-07,40-49yrs,2236
2022-01-07,50-59yrs,1935
2022-01-07,60-69yrs,1773
2022-01-07,70-79yrs,796
2022-01-07,80+,178
2022-01-08,05-11yrs,4
2022-01-08,12-17yrs,935
2022-01-08,18-29yrs,12286
2022-01-08,30-39yrs,4497
2022-01-08,40-49yrs,2247
2022-01-08,50-59yrs,1944
2022-01-08,60-69yrs,1796
2022-01-08,70-79yrs,807
2022-01-08,80+,179
2022-01-09,05-11yrs,4
2022-01-09,12-17yrs,935
2022-01-09,18-29yrs,12326
2022-01-09,30-39yrs,4495
2022-01-09,40-49yrs,2252
2022-01-09,50-59yrs,1953
2022-01-09,60-69yrs,1798
2022-01-09,70-79yrs,807
2022-01-09,80+,179
2022-01-10,05-11yrs,4
2022-01-10,12-17yrs,936
2022-01-10,18-29yrs,12343
2022-01-10,30-39yrs,4490
2022-01-10,40-49yrs,2256
2022-01-10,50-59yrs,1960
2022-01-10,60-69yrs,1800
2022-01-10,70-79yrs,808
2022-01-10,80+,180
2022-01-11,05-11yrs,4
2022-01-11,12-17yrs,945
2022-01-11,18-29yrs,12444
2022-01-11,30-39yrs,4507
2022-01-11,40-49yrs,2277
2022-01-11,50-59yrs,1977
2022-01-11,60-69yrs,1857
2022-01-11,70-79yrs,812
2022-01-11,80+,180
2022-01-12,05-11yrs,4
2022-01-12,12-17yrs,955
2022-01-12,18-29yrs,12517
2022-01-12,30-39yrs,4528
2022-01-12,40-49yrs,2295
2022-01-12,50-59yrs,2010
2022-01-12,60-69yrs,1917
2022-01-12,70-79yrs,823
2022-01-12,80+,180
2022-01-13,05-11yrs,5
2022-01-13,12-17yrs,960
2022-01-13,18-29yrs,12576
2022-01-13,30-39yrs,4566
2022-01-13,40-49yrs,2323
2022-01-13,50-59yrs,2025
2022-01-13,60-69yrs,1930
2022-01-13,70-79yrs,832
2022-01-13,80+,181
2022-01-14,05-11yrs,6
2022-01-14,12-17yrs,965
2022-01-14,18-29yrs,12699
2022-01-14,30-39yrs,4611
2022-01-14,40-49yrs,2347
2022-01-14,50-59yrs,2042
2022-01-14,60-69yrs,1933
2022-01-14,70-79yrs,840
2022-01-14,80+,182
2022-01-15,05-11yrs,6
2022-01-15,12-17yrs,968
2022-01-15,18-29yrs,12725
2022-01-15,30-39yrs,4651
2022-01-15,40-49yrs,2357
2022-01-15,50-59yrs,2064
2022-01-15,60-69yrs,1955
2022-01-15,70-79yrs,847
2022-01-15,80+,182
2022-01-16,05-11yrs,6
2022-01-16,12-17yrs,968
2022-01-16,18-29yrs,12741
2022-01-16,30-39yrs,4667
2022-01-16,40-49yrs,2366
2022-01-16,50-59yrs,2070
2022-01-16,60-69yrs,1959
2022-01-16,70-79yrs,847
2022-01-16,80+,183
2022-01-17,05-11yrs,7
2022-01-17,12-17yrs,972
2022-01-17,18-29yrs,12742
2022-01-17,30-39yrs,4672
2022-01-17,40-49yrs,2369
2022-01-17,50-59yrs,2079
2022-01-17,60-69yrs,1962
2022-01-17,70-79yrs,852
2022-01-17,80+,181
2022-01-18,05-11yrs,9
2022-01-18,12-17yrs,982
2022-01-18,18-29yrs,12832
2022-01-18,30-39yrs,4718
2022-01-18,40-49yrs,2392
2022-01-18,50-59yrs,2089
2022-01-18,60-69yrs,1966
2022-01-18,70-79yrs,856
2022-01-18,80+,184
2022-01-19,05-11yrs,12
2022-01-19,12-17yrs,986
2022-01-19,18-29yrs,12968
2022-01-19,30-39yrs,4745
2022-01-19,40-49yrs,2410
2022-01-19,50-59yrs,2097
2022-01-19,60-69yrs,1972
2022-01-19,70-79yrs,862
2022-01-19,80+,184
2022-01-20,05-11yrs,14
2022-01-20,12-17yrs,985
2022-01-20,18-29yrs,13042
2022-01-20,30-39yrs,4760
2022-01-20,40-49yrs,2417
2022-01-20,50-59yrs,2107
2022-01-20,60-69yrs,1954
2022-01-20,70-79yrs,854
2022-01-20,80+,186
2022-01-21,05-11yrs,15
2022-01-21,12-17yrs,990
2022-01-21,18-29yrs,13121
2022-01-21,30-39yrs,4777
2022-01-21,40-49yrs,2423
2022-01-21,50-59yrs,2130
2022-01-21,60-69yrs,1960
2022-01-21,70-79yrs,866
2022-01-21,80+,187
2022-01-22,05-11yrs,16
2022-01-22,12-17yrs,991
2022-01-22,18-29yrs,13199
2022-01-22,30-39yrs,4812
2022-01-22,40-49yrs,2438
2022-01-22,50-59yrs,2140
2022-01-22,60-69yrs,1969
2022-01-22,70-79yrs,893
2022-01-22,80+,190
2022-01-23,05-11yrs,16
2022-01-23,12-17yrs,991
2022-01-23,18-29yrs,13283
2022-01-23,30-39yrs,4788
2022-01-23,40-49yrs,2441
2022-01-23,50-59yrs,2146
2022-01-23,60-69yrs,1973
2022-01-23,70-79yrs,890
2022-01-23,80+,190
2022-01-24,05-11yrs,16
2022-01-24,12-17yrs,994
2022-01-24,18-29yrs,13377
2022-01-24,30-39yrs,4804
2022-01-24,40-49yrs,2450
2022-01-24,50-59yrs,2159
2022-01-24,60-69yrs,1982
2022-01-24,70-79yrs,893
2022-01-24,80+,191
2022-01-25,05-11yrs,17
2022-01-25,12-17yrs,1003
2022-01-25,18-29yrs,13541
2022-01-25,30-39yrs,4845
2022-01-25,40-49yrs,2476
2022-01-25,50-59yrs,2173
2022-01-25,60-69yrs,2001
2022-01-25,70-79yrs,907
2022-01-25,80+,192
2022-01-26,05-11yrs,17
2022-01-26,12-17yrs,1010
2022-01-26,18-29yrs,13676
2022-01-26,30-39yrs,4882
2022-01-26,40-49yrs,2493
2022-01-26,50-59yrs,2184
2022-01-26,60-69yrs,2017
2022-01-26,70-79yrs,911
2022-01-26,80+,196
2022-01-27,05-11yrs,17
2022-01-27,12-17yrs,1014
2022-01-27,18-29yrs,13798
2022-01-27,30-39yrs,4915
2022-01-27,40-49yrs,2506
2022-01-27,50-59yrs,2194
2022-01-27,60-69yrs,2044
2022-01-27,70-79yrs,919
2022-01-27,80+,199
2022-01-28,05-11yrs,18
2022-01-28,12-17yrs,1029
2022-01-28,18-29yrs,13943
2022-01-28,30-39yrs,4952
2022-01-28,40-49yrs,2522
2022-01-28,50-59yrs,2210
2022-01-28,60-69yrs,2061
2022-01-28,70-79yrs,918
2022-01-28,80+,200
2022-01-29,05-11yrs,18
2022-01-29,12-17yrs,1030
2022-01-29,18-29yrs,14052
2022-01-29,30-39yrs,4986
2022-01-29,40-49yrs,2539
2022-01-29,50-59yrs,2218
2022-01-29,60-69yrs,2075
2022-01-29,70-79yrs,919
2022-01-29,80+,200
2022-01-30,05-11yrs,18
2022-01-30,12-17yrs,1032
2022-01-30,18-29yrs,14095
2022-01-30,30-39yrs,5000
2022-01-30,40-49yrs,2544
2022-01-30,50-59yrs,2226
2022-01-30,60-69yrs,2082
2022-01-30,70-79yrs,922
2022-01-30,80+,201
2022-01-31,05-11yrs,18
2022-01-31,12-17yrs,1030
2022-01-31,18-29yrs,14118
2022-01-31,30-39yrs,4998
2022-01-31,40-49yrs,2541
2022-01-31,50-59yrs,2232
2022-01-31,60-69yrs,2081
2022-01-31,70-79yrs,922
2022-01-31,80+,201
2022-02-01,05-11yrs,18
2022-02-01,12-17yrs,1044
2022-02-01,18-29yrs,14260
2022-02-01,30-39yrs,5026
2022-02-01,40-49yrs,2569
2022-02-01,50-59yrs,2242
2022-02-01,60-69yrs,2094
2022-02-01,70-79yrs,927
2022-02-01,80+,201
2022-02-02,05-11yrs,20
2022-02-02,12-17yrs,1050
2022-02-02,18-29yrs,14423
2022-02-02,30-39yrs,5066
2022-02-02,40-49yrs,2593
2022-02-02,50-59yrs,2260
2022-02-02,60-69yrs,2100
2022-02-02,70-79yrs,930
2022-02-02,80+,201
2022-02-03,05-11yrs,20
2022-02-03,12-17yrs,1056
2022-02-03,18-29yrs,14567
2022-02-03,30-39yrs,5182
2022-02-03,40-49yrs,2625
2022-02-03,50-59yrs,2271
2022-02-03,60-69yrs,2118
2022-02-03,70-79yrs,937
2022-02-03,80+,203
2022-02-04,05-11yrs,21
2022-02-04,12-17yrs,1065
2022-02-04,18-29yrs,14708
2022-02-04,30-39yrs,5258
2022-02-04,40-49yrs,2643
2022-02-04,50-59yrs,2287
2022-02-04,60-69yrs,2124
2022-02-04,70-79yrs,940
2022-02-04,80+,202
2022-02-05,05-11yrs,20
2022-02-05,12-17yrs,1071
2022-02-05,18-29yrs,14880
2022-02-05,30-39yrs,5280
2022-02-05,40-49yrs,2645
2022-02-05,50-59yrs,2299
2022-02-05,60-69yrs,2135
2022-02-05,70-79yrs,943
2022-02-05,80+,203
2022-02-06,05-11yrs,20
2022-02-06,12-17yrs,1069
2022-02-06,18-29yrs,14941
2022-02-06,30-39yrs,5279
2022-02-06,40-49yrs,2645
2022-02-06,50-59yrs,2294
2022-02-06,60-69yrs,2132
2022-02-06,70-79yrs,941
2022-02-06,80+,203
2022-02-07,05-11yrs,20
2022-02-07,12-17yrs,1073
2022-02-07,18-29yrs,14965
2022-02-07,30-39yrs,5280
2022-02-07,40-49yrs,2651
2022-02-07,50-59yrs,2299
2022-02-07,60-69yrs,2136
2022-02-07,70-79yrs,941
2022-02-07,80+,202
2022-02-08,05-11yrs,25
2022-02-08,12-17yrs,1094
2022-02-08,18-29yrs,15080
2022-02-08,30-39yrs,5327
2022-02-08,40-49yrs,2686
2022-02-08,50-59yrs,2324
2022-02-08,60-69yrs,2162
2022-02-08,70-79yrs,945
2022-02-08,80+,200
2022-02-09,05-11yrs,27
2022-02-09,12-17yrs,1117
2022-02-09,18-29yrs,15241
2022-02-09,30-39yrs,5382
2022-02-09,40-49yrs,2718
2022-02-09,50-59yrs,2340
2022-02-09,60-69yrs,2182
2022-02-09,70-79yrs,946
2022-02-09,80+,200
2022-02-10,05-11yrs,28
2022-02-10,12-17yrs,1131
2022-02-10,18-29yrs,15428
2022-02-10,30-39yrs,5412
2022-02-10,40-49yrs,2727
2022-02-10,50-59yrs,2346
2022-02-10,60-69yrs,2193
2022-02-10,70-79yrs,949
2022-02-10,80+,198
2022-02-11,05-11yrs,29
2022-02-11,12-17yrs,1133
2022-02-11,18-29yrs,15602
2022-02-11,30-39yrs,5465
2022-02-11,40-49yrs,2724
2022-02-11,50-59yrs,2364
2022-02-11,60-69yrs,2191
2022-02-11,70-79yrs,945
2022-02-11,80+,198
2022-02-12,05-11yrs,29
2022-02-12,12-17yrs,1139
2022-02-12,18-29yrs,15711
2022-02-12,30-39yrs,5489
2022-02-12,40-49yrs,2727
2022-02-12,50-59yrs,2374
2022-02-12,60-69yrs,2202
2022-02-12,70-79yrs,948
2022-02-12,80+,199
2022-02-13,05-11yrs,29
2022-02-13,12-17yrs,1139
2022-02-13,18-29yrs,15718
2022-02-13,30-39yrs,5487
2022-02-13,40-49yrs,2730
2022-02-13,50-59yrs,2376
2022-02-13,60-69yrs,2206
2022-02-13,70-79yrs,945
2022-02-13,80+,199
2022-02-14,05-11yrs,29
2022-02-14,12-17yrs,1134
2022-02-14,18-29yrs,15736
2022-02-14,30-39yrs,5489
2022-02-14,40-49yrs,2730
2022-02-14,50-59yrs,2373
2022-02-14,60-69yrs,2209
2022-02-14,70-79yrs,946
2022-02-14,80+,200
2022-02-15,05-11yrs,30
2022-02-15,12-17yrs,1142
2022-02-15,18-29yrs,15922
2022-02-15,30-39yrs,5529
2022-02-15,40-49yrs,2740
2022-02-15,50-59yrs,2387
2022-02-15,60-69yrs,2221
2022-02-15,70-79yrs,948
2022-02-15,80+,200
2022-02-16,05-11yrs,31
2022-02-16,12-17yrs,1147
2022-02-16,18-29yrs,16063
2022-02-16,30-39yrs,5554
2022-02-16,40-49yrs,2743
2022-02-16,50-59yrs,2403
2022-02-16,60-69yrs,2227
2022-02-16,70-79yrs,952
2022-02-16,80+,200
2022-02-17,05-11yrs,32
2022-02-17,12-17yrs,1154
2022-02-17,18-29yrs,16217
2022-02-17,30-39yrs,5607
2022-02-17,40-49yrs,2766
2022-02-17,50-59yrs,2417
2022-02-17,60-69yrs,2236
2022-02-17,70-79yrs,955
2022-02-17,80+,199
2022-02-18,05-11yrs,32
2022-02-18,12-17yrs,1151
2022-02-18,18-29yrs,16391
2022-02-18,30-39yrs,5632
2022-02-18,40-49yrs,2775
2022-02-18,50-59yrs,2432
2022-02-18,60-69yrs,2245
2022-02-18,70-79yrs,958
2022-02-18,80+,199
2022-02-19,05-11yrs,34
2022-02-19,12-17yrs,1153
2022-02-19,18-29yrs,16565
2022-02-19,30-39yrs,5663
2022-02-19,40-49yrs,2782
2022-02-19,50-59yrs,2438
2022-02-19,60-69yrs,2247
2022-02-19,70-79yrs,962
2022-02-19,80+,202
2022-02-20,05-11yrs,34
2022-02-20,12-17yrs,1154
2022-02-20,18-29yrs,16581
2022-02-20,30-39yrs,5663
2022-02-20,40-49yrs,2781
2022-02-20,50-59yrs,2434
2022-02-20,60-69yrs,2250
2022-02-20,70-79yrs,964
2022-02-20,80+,202
2022-02-21,05-11yrs,31
2022-02-21,12-17yrs,1156
2022-02-21,18-29yrs,16595
2022-02-21,30-39yrs,5663
2022-02-21,40-49yrs,2781
2022-02-21,50-59yrs,2436
2022-02-21,60-69yrs,2254
2022-02-21,70-79yrs,965
2022-02-21,80+,202
2022-02-22,05-11yrs,31
2022-02-22,12-17yrs,1160
2022-02-22,18-29yrs,16633
2022-02-22,30-39yrs,5670
2022-02-22,40-49yrs,2782
2022-02-22,50-59yrs,2438
2022-02-22,60-69yrs,2254
2022-02-22,70-79yrs,967
2022-02-22,80+,202
2022-02-23,05-11yrs,32
2022-02-23,12-17yrs,1179
2022-02-23,18-29yrs,16812
2022-02-23,30-39yrs,5708
2022-02-23,40-49yrs,2788
2022-02-23,50-59yrs,2450
2022-02-23,60-69yrs,2254
2022-02-23,70-79yrs,967
2022-02-23,80+,201
2022-02-24,05-11yrs,33
2022-02-24,12-17yrs,1176
2022-02-24,18-29yrs,16941
2022-02-24,30-39yrs,5755
2022-02-24,40-49yrs,2794
2022-02-24,50-59yrs,2461
2022-02-24,60-69yrs,2260
2022-02-24,70-79yrs,967
2022-02-24,80+,202
2022-02-25,05-11yrs,32
2022-02-25,12-17yrs,1184
2022-02-25,18-29yrs,17073
2022-02-25,30-39yrs,5792
2022-02-25,40-49yrs,2801
2022-02-25,50-59yrs,2469
2022-02-25,60-69yrs,2267
2022-02-25,70-79yrs,965
2022-02-25,80+,202
2022-02-26,05-11yrs,32
2022-02-26,12-17yrs,1189
2022-02-26,18-29yrs,17166
2022-02-26,30-39yrs,5809
2022-02-26,40-49yrs,2816
2022-02-26,50-59yrs,2475
2022-02-26,60-69yrs,2269
2022-02-26,70-79yrs,965
2022-02-26,80+,202
2022-02-27,05-11yrs,32
2022-02-27,12-17yrs,1188
2022-02-27,18-29yrs,17166
2022-02-27,30-39yrs,5807
2022-02-27,40-49yrs,2813
2022-02-27,50-59yrs,2479
2022-02-27,60-69yrs,2271
2022-02-27,70-79yrs,966
2022-02-27,80+,202
2022-02-28,05-11yrs,32
2022-02-28,12-17yrs,1187
2022-02-28,18-29yrs,17175
2022-02-28,30-39yrs,5812
2022-02-28,40-49yrs,2812
2022-02-28,50-59yrs,2482
2022-02-28,60-69yrs,2272
2022-02-28,70-79yrs,967
2022-02-28,80+,202
2022-03-01,05-11yrs,34
2022-03-01,12-17yrs,1191
2022-03-01,18-29yrs,17251
2022-03-01,30-39yrs,5835
2022-03-01,40-49yrs,2823
2022-03-01,50-59yrs,2487
2022-03-01,60-69yrs,2278
2022-03-01,70-79yrs,969
2022-03-01,80+,205
2022-03-02,05-11yrs,33
2022-03-02,12-17yrs,1192
2022-03-02,18-29yrs,17330
2022-03-02,30-39yrs,5852
2022-03-02,40-49yrs,2828
2022-03-02,50-59yrs,2489
2022-03-02,60-69yrs,2277
2022-03-02,70-79yrs,969
2022-03-02,80+,206
2022-03-03,05-11yrs,33
2022-03-03,12-17yrs,1191
2022-03-03,18-29yrs,17399
2022-03-03,30-39yrs,5863
2022-03-03,40-49yrs,2832
2022-03-03,50-59yrs,2496
2022-03-03,60-69yrs,2281
2022-03-03,70-79yrs,969
2022-03-03,80+,206
2022-03-04,05-11yrs,34
2022-03-04,12-17yrs,1193
2022-03-04,18-29yrs,17463
2022-03-04,30-39yrs,5878
2022-03-04,40-49yrs,2835
2022-03-04,50-59yrs,2490
2022-03-04,60-69yrs,2287
2022-03-04,70-79yrs,973
2022-03-04,80+,206
2022-03-05,05-11yrs,34
2022-03-05,12-17yrs,1197
2022-03-05,18-29yrs,17502
2022-03-05,30-39yrs,5879
2022-03-05,40-49yrs,2839
2022-03-05,50-59yrs,2493
2022-03-05,60-69yrs,2288
2022-03-05,70-79yrs,974
2022-03-05,80+,206
2022-03-06,05-11yrs,34
2022-03-06,12-17yrs,1197
2022-03-06,18-29yrs,17508
2022-03-06,30-39yrs,5878
2022-03-06,40-49yrs,2837
2022-03-06,50-59yrs,2494
2022-03-06,60-69yrs,2290
2022-03-06,70-79yrs,972
2022-03-06,80+,207
2022-03-07,05-11yrs,34
2022-03-07,12-17yrs,1199
2022-03-07,18-29yrs,17514
2022-03-07,30-39yrs,5885
2022-03-07,40-49yrs,2838
2022-03-07,50-59yrs,2497
2022-03-07,60-69yrs,2291
2022-03-07,70-79yrs,973
2022-03-07,80+,207
2022-03-08,05-11yrs,33
2022-03-08,12-17yrs,1202
2022-03-08,18-29yrs,17577
2022-03-08,30-39yrs,5896
2022-03-08,40-49yrs,2850
2022-03-08,50-59yrs,2510
2022-03-08,60-69yrs,2294
2022-03-08,70-79yrs,976
2022-03-08,80+,207
2022-03-09,05-11yrs,35
2022-03-09,12-17yrs,1202
2022-03-09,18-29yrs,17596
2022-03-09,30-39yrs,5904
2022-03-09,40-49yrs,2861
2022-03-09,50-59yrs,2518
2022-03-09,60-69yrs,2299
2022-03-09,70-79yrs,975
2022-03-09,80+,208
2022-03-10,05-11yrs,36
2022-03-10,12-17yrs,1203
2022-03-10,18-29yrs,17617
2022-03-10,30-39yrs,5903
2022-03-10,40-49yrs,2865
2022-03-10,50-59yrs,2516
2022-03-10,60-69yrs,2290
2022-03-10,70-79yrs,974
2022-03-10,80+,208
2022-03-11,05-11yrs,37
2022-03-11,12-17yrs,1201
2022-03-11,18-29yrs,17644
2022-03-11,30-39yrs,5925
2022-03-11,40-49yrs,2873
2022-03-11,50-59yrs,2516
2022-03-11,60-69yrs,2296
2022-03-11,70-79yrs,976
2022-03-11,80+,208
2022-03-12,05-11yrs,39
2022-03-12,12-17yrs,1199
2022-03-12,18-29yrs,17667
2022-03-12,30-39yrs,5936
2022-03-12,40-49yrs,2876
2022-03-12,50-59yrs,2522
2022-03-12,60-69yrs,2298
2022-03-12,70-79yrs,976
2022-03-12,80+,208
2022-03-13,05-11yrs,38
2022-03-13,12-17yrs,1199
2022-03-13,18-29yrs,17672
2022-03-13,30-39yrs,5933
2022-03-13,40-49yrs,2879
2022-03-13,50-59yrs,2521
2022-03-13,60-69yrs,2299
2022-03-13,70-79yrs,976
2022-03-13,80+,208
2022-03-14,05-11yrs,38
2022-03-14,12-17yrs,1200
2022-03-14,18-29yrs,17672
2022-03-14,30-39yrs,5933
2022-03-14,40-49yrs,2879
2022-03-14,50-59yrs,2522
2022-03-14,60-69yrs,2299
2022-03-14,70-79yrs,976
2022-03-14,80+,208
2022-03-15,05-11yrs,38
2022-03-15,12-17yrs,1203
2022-03-15,18-29yrs,17698
2022-03-15,30-39yrs,5939
2022-03-15,40-49yrs,2884
2022-03-15,50-59yrs,2526
2022-03-15,60-69yrs,2305
2022-03-15,70-79yrs,976
2022-03-15,80+,208
2022-03-16,05-11yrs,39
2022-03-16,12-17yrs,1202
2022-03-16,18-29yrs,17717
2022-03-16,30-39yrs,5943
2022-03-16,40-49yrs,2884
2022-03-16,50-59yrs,2531
2022-03-16,60-69yrs,2308
2022-03-16,70-79yrs,977
2022-03-16,80+,207
2022-03-17,05-11yrs,38
2022-03-17,12-17yrs,1206
2022-03-17,18-29yrs,17730
2022-03-17,30-39yrs,5949
2022-03-17,40-49yrs,2887
2022-03-17,50-59yrs,2530
2022-03-17,60-69yrs,2312
2022-03-17,70-79yrs,978
2022-03-17,80+,207
2022-03-18,05-11yrs,38
2022-03-18,12-17yrs,1204
2022-03-18,18-29yrs,17764
2022-03-18,30-39yrs,5957
2022-03-18,40-49yrs,2887
2022-03-18,50-59yrs,2533
2022-03-18,60-69yrs,2318
2022-03-18,70-79yrs,978
2022-03-18,80+,207
2022-03-19,05-11yrs,39
2022-03-19,12-17yrs,1204
2022-03-19,18-29yrs,17788
2022-03-19,30-39yrs,5957
2022-03-19,40-49yrs,2890
2022-03-19,50-59yrs,2538
2022-03-19,60-69yrs,2320
2022-03-19,70-79yrs,976
2022-03-19,80+,207
2022-03-20,05-11yrs,39
2022-03-20,12-17yrs,1204
2022-03-20,18-29yrs,17794
2022-03-20,30-39yrs,5958
2022-03-20,40-49yrs,2890
2022-03-20,50-59yrs,2539
2022-03-20,60-69yrs,2319
2022-03-20,70-79yrs,976
2022-03-20,80+,207
2022-03-21,05-11yrs,39
2022-03-21,12-17yrs,1204
2022-03-21,18-29yrs,17804
2022-03-21,30-39yrs,5960
2022-03-21,40-49yrs,2892
2022-03-21,50-59yrs,2539
2022-03-21,60-69yrs,2320
2022-03-21,70-79yrs,976
2022-03-21,80+,207
2022-03-22,05-11yrs,39
2022-03-22,12-17yrs,1205
2022-03-22,18-29yrs,17825
2022-03-22,30-39yrs,5970
2022-03-22,40-49yrs,2895
2022-03-22,50-59yrs,2539
2022-03-22,60-69yrs,2322
2022-03-22,70-79yrs,975
2022-03-22,80+,207
2022-03-23,05-11yrs,39
2022-03-23,12-17yrs,1205
2022-03-23,18-29yrs,17853
2022-03-23,30-39yrs,5983
2022-03-23,40-49yrs,2900
2022-03-23,50-59yrs,2543
2022-03-23,60-69yrs,2325
2022-03-23,70-79yrs,975
2022-03-23,80+,207
2022-03-24,05-11yrs,39
2022-03-24,12-17yrs,1207
2022-03-24,18-29yrs,17879
2022-03-24,30-39yrs,5987
2022-03-24,40-49yrs,2906
2022-03-24,50-59yrs,2546
2022-03-24,60-69yrs,2329
2022-03-24,70-79yrs,976
2022-03-24,80+,207
2022-03-25,05-11yrs,39
2022-03-25,12-17yrs,1206
2022-03-25,18-29yrs,17898
2022-03-25,30-39yrs,6005
2022-03-25,40-49yrs,2908
2022-03-25,50-59yrs,2548
2022-03-25,60-69yrs,2325
2022-03-25,70-79yrs,976
2022-03-25,80+,207
2022-03-26,05-11yrs,39
2022-03-26,12-17yrs,1208
2022-03-26,18-29yrs,17912
2022-03-26,30-39yrs,6008
2022-03-26,40-49yrs,2909
2022-03-26,50-59yrs,2550
2022-03-26,60-69yrs,2325
2022-03-26,70-79yrs,975
2022-03-26,80+,207
2022-03-27,05-11yrs,40
2022-03-27,12-17yrs,1209
2022-03-27,18-29yrs,17920
2022-03-27,30-39yrs,6007
2022-03-27,40-49yrs,2909
2022-03-27,50-59yrs,2548
2022-03-27,60-69yrs,2325
2022-03-27,70-79yrs,975
2022-03-27,80+,207
2021-07-26,12-17yrs,207
2021-07-26,18-29yrs,1313
2021-07-26,30-39yrs,932
2021-07-26,40-49yrs,507
2021-07-26,50-59yrs,495
2021-07-26,60-69yrs,536
2021-07-26,70-79yrs,198
2021-07-26,80+,49
2021-07-27,12-17yrs,222
2021-07-27,18-29yrs,1368
2021-07-27,30-39yrs,977
2021-07-27,40-49yrs,532
2021-07-27,50-59yrs,515
2021-07-27,60-69yrs,560
2021-07-27,70-79yrs,214
2021-07-27,80+,50
2021-07-28,12-17yrs,233
2021-07-28,18-29yrs,1414
2021-07-28,30-39yrs,1002
2021-07-28,40-49yrs,543
2021-07-28,50-59yrs,534
2021-07-28,60-69yrs,574
2021-07-28,70-79yrs,228
2021-07-28,80+,50
2021-07-29,12-17yrs,239
2021-07-29,18-29yrs,1439
2021-07-29,30-39yrs,1021
2021-07-29,40-49yrs,551
2021-07-29,50-59yrs,526
2021-07-29,60-69yrs,581
2021-07-29,70-79yrs,227
2021-07-29,80+,50
2021-07-30,12-17yrs,254
2021-07-30,18-29yrs,1509
2021-07-30,30-39yrs,1045
2021-07-30,40-49yrs,564
2021-07-30,50-59yrs,540
2021-07-30,60-69yrs,585
2021-07-30,70-79yrs,231
2021-07-30,80+,52
2021-07-31,12-17yrs,256
2021-07-31,18-29yrs,1560
2021-07-31,30-39yrs,1058
2021-07-31,40-49yrs,578
2021-07-31,50-59yrs,562
2021-07-31,60-69yrs,590
2021-07-31,70-79yrs,233
2021-07-31,80+,54
2021-08-01,12-17yrs,262
2021-08-01,18-29yrs,1577
2021-08-01,30-39yrs,1063
2021-08-01,40-49yrs,579
2021-08-01,50-59yrs,562
2021-08-01,60-69yrs,588
2021-08-01,70-79yrs,232
2021-08-01,80+,54
2021-08-02,12-17yrs,262
2021-08-02,18-29yrs,1591
2021-08-02,30-39yrs,1069
2021-08-02,40-49yrs,585
2021-08-02,50-59yrs,567
2021-08-02,60-69yrs,592
2021-08-02,70-79yrs,233
2021-08-02,80+,55
2021-08-03,12-17yrs,263
2021-08-03,18-29yrs,1605
2021-08-03,30-39yrs,1075
2021-08-03,40-49yrs,587
2021-08-03,50-59yrs,575
2021-08-03,60-69yrs,596
2021-08-03,70-79yrs,233
2021-08-03,80+,55
2021-08-04,12-17yrs,270
2021-08-04,18-29yrs,1661
2021-08-04,30-39yrs,1104
2021-08-04,40-49yrs,606
2021-08-04,50-59yrs,583
2021-08-04,60-69yrs,602
2021-08-04,70-79yrs,236
2021-08-04,80+,55
2021-08-05,12-17yrs,283
2021-08-05,18-29yrs,1699
2021-08-05,30-39yrs,1122
2021-08-05,40-49yrs,620
2021-08-05,50-59yrs,586
2021-08-05,60-69yrs,612
2021-08-05,70-79yrs,239
2021-08-05,80+,55
2021-08-06,12-17yrs,290
2021-08-06,18-29yrs,1735
2021-08-06,30-39yrs,1141
2021-08-06,40-49yrs,629
2021-08-06,50-59yrs,601
2021-08-06,60-69yrs,611
2021-08-06,70-79yrs,239
2021-08-06,80+,58
2021-08-07,12-17yrs,295
2021-08-07,18-29yrs,1757
2021-08-07,30-39yrs,1159
2021-08-07,40-49yrs,648
2021-08-07,50-59yrs,611
2021-08-07,60-69yrs,615
2021-08-07,70-79yrs,236
2021-08-07,80+,57
2021-08-08,12-17yrs,296
2021-08-08,18-29yrs,1753
2021-08-08,30-39yrs,1157
2021-08-08,40-49yrs,641
2021-08-08,50-59yrs,612
2021-08-08,60-69yrs,614
2021-08-08,70-79yrs,237
2021-08-08,80+,57
2021-08-09,12-17yrs,300
2021-08-09,18-29yrs,1768
2021-08-09,30-39yrs,1162
2021-08-09,40-49yrs,646
2021-08-09,50-59yrs,615
2021-08-09,60-69yrs,614
2021-08-09,70-79yrs,238
2021-08-09,80+,57
2021-08-10,12-17yrs,302
2021-08-10,18-29yrs,1795
2021-08-10,30-39yrs,1178
2021-08-10,40-49yrs,651
2021-08-10,50-59yrs,619
2021-08-10,60-69yrs,626
2021-08-10,70-79yrs,241
2021-08-10,80+,59
2021-08-11,12-17yrs,309
2021-08-11,18-29yrs,1807
2021-08-11,30-39yrs,1182
2021-08-11,40-49yrs,654
2021-08-11,50-59yrs,628
2021-08-11,60-69yrs,624
2021-08-11,70-79yrs,246
2021-08-11,80+,58
2021-08-12,12-17yrs,317
2021-08-12,18-29yrs,1836
2021-08-12,30-39yrs,1209
2021-08-12,40-49yrs,660
2021-08-12,50-59yrs,633
2021-08-12,60-69yrs,629
2021-08-12,70-79yrs,246
2021-08-12,80+,58
2021-08-13,12-17yrs,323
2021-08-13,18-29yrs,1851
2021-08-13,30-39yrs,1218
2021-08-13,40-49yrs,661
2021-08-13,50-59yrs,638
2021-08-13,60-69yrs,631
2021-08-13,70-79yrs,248
2021-08-13,80+,58
2021-08-14,12-17yrs,326
2021-08-14,18-29yrs,1870
2021-08-14,30-39yrs,1222
2021-08-14,40-49yrs,671
2021-08-14,50-59yrs,645
2021-08-14,60-69yrs,634
2021-08-14,70-79yrs,249
2021-08-14,80+,58
2021-08-15,12-17yrs,324
2021-08-15,18-29yrs,1885
2021-08-15,30-39yrs,1227
2021-08-15,40-49yrs,680
2021-08-15,50-59yrs,652
2021-08-15,60-69yrs,637
2021-08-15,70-79yrs,251
2021-08-15,80+,60
2021-08-16,12-17yrs,324
2021-08-16,18-29yrs,1895
2021-08-16,30-39yrs,1234
2021-08-16,40-49yrs,680
2021-08-16,50-59yrs,658
2021-08-16,60-69yrs,639
2021-08-16,70-79yrs,252
2021-08-16,80+,60
2021-08-17,12-17yrs,330
2021-08-17,18-29yrs,1935
2021-08-17,30-39yrs,1261
2021-08-17,40-49yrs,698
2021-08-17,50-59yrs,666
2021-08-17,60-69yrs,650
2021-08-17,70-79yrs,259
2021-08-17,80+,60
2021-08-18,12-17yrs,338
2021-08-18,18-29yrs,1973
2021-08-18,30-39yrs,1281
2021-08-18,40-49yrs,713
2021-08-18,50-59yrs,674
2021-08-18,60-69yrs,659
2021-08-18,70-79yrs,259
2021-08-18,80+,63
2021-08-19,12-17yrs,344
2021-08-19,18-29yrs,1995
2021-08-19,30-39yrs,1294
2021-08-19,40-49yrs,720
2021-08-19,50-59yrs,676
2021-08-19,60-69yrs,663
2021-08-19,70-79yrs,262
2021-08-19,80+,64
2021-08-20,12-17yrs,348
2021-08-20,18-29yrs,2023
2021-08-20,30-39yrs,1308
2021-08-20,40-49yrs,725
2021-08-20,50-59yrs,683
2021-08-20,60-69yrs,662
2021-08-20,70-79yrs,265
2021-08-20,80+,63
2021-08-21,12-17yrs,347
2021-08-21,18-29yrs,2046
2021-08-21,30-39yrs,1325
2021-08-21,40-49yrs,738
2021-08-21,50-59yrs,694
2021-08-21,60-69yrs,665
2021-08-21,70-79yrs,263
2021-08-21,80+,62
2021-08-22,12-17yrs,347
2021-08-22,18-29yrs,2045
2021-08-22,30-39yrs,1328
2021-08-22,40-49yrs,739
2021-08-22,50-59yrs,696
2021-08-22,60-69yrs,665
2021-08-22,70-79yrs,265
2021-08-22,80+,62
2021-08-23,12-17yrs,348
2021-08-23,18-29yrs,2048
2021-08-23,30-39yrs,1329
2021-08-23,40-49yrs,740
2021-08-23,50-59yrs,695
2021-08-23,60-69yrs,665
2021-08-23,70-79yrs,265
2021-08-23,80+,62
2021-08-24,12-17yrs,353
2021-08-24,18-29yrs,2061
2021-08-24,30-39yrs,1335
2021-08-24,40-49yrs,744
2021-08-24,50-59yrs,698
2021-08-24,60-69yrs,664
2021-08-24,70-79yrs,268
2021-08-24,80+,62
2021-08-25,12-17yrs,355
2021-08-25,18-29yrs,2096
2021-08-25,30-39yrs,1345
2021-08-25,40-49yrs,752
2021-08-25,50-59yrs,708
2021-08-25,60-69yrs,661
2021-08-25,70-79yrs,268
2021-08-25,80+,62
2021-08-26,12-17yrs,365
2021-08-26,18-29yrs,2142
2021-08-26,30-39yrs,1366
2021-08-26,40-49yrs,777
2021-08-26,50-59yrs,718
2021-08-26,60-69yrs,669
2021-08-26,70-79yrs,271
2021-08-26,80+,61
2021-08-27,12-17yrs,366
2021-08-27,18-29yrs,2171
2021-08-27,30-39yrs,1376
2021-08-27,40-49yrs,783
2021-08-27,50-59yrs,721
2021-08-27,60-69yrs,671
2021-08-27,70-79yrs,271
2021-08-27,80+,63
2021-08-28,12-17yrs,368
2021-08-28,18-29yrs,2198
2021-08-28,30-39yrs,1389
2021-08-28,40-49yrs,793
2021-08-28,50-59yrs,727
2021-08-28,60-69yrs,674
2021-08-28,70-79yrs,272
2021-08-28,80+,63
2021-08-29,12-17yrs,368
2021-08-29,18-29yrs,2191
2021-08-29,30-39yrs,1388
2021-08-29,40-49yrs,797
2021-08-29,50-59yrs,730
2021-08-29,60-69yrs,677
2021-08-29,70-79yrs,273
2021-08-29,80+,63
2021-08-30,12-17yrs,372
2021-08-30,18-29yrs,2210
2021-08-30,30-39yrs,1399
2021-08-30,40-49yrs,808
2021-08-30,50-59yrs,736
2021-08-30,60-69yrs,679
2021-08-30,70-79yrs,273
2021-08-30,80+,63
2021-08-31,12-17yrs,379
2021-08-31,18-29yrs,2287
2021-08-31,30-39yrs,1407
2021-08-31,40-49yrs,816
2021-08-31,50-59yrs,737
2021-08-31,60-69yrs,681
2021-08-31,70-79yrs,275
2021-08-31,80+,64
2021-09-01,12-17yrs,378
2021-09-01,18-29yrs,2346
2021-09-01,30-39yrs,1426
2021-09-01,40-49yrs,833
2021-09-01,50-59yrs,749
2021-09-01,60-69yrs,685
2021-09-01,70-79yrs,277
2021-09-01,80+,63
2021-09-02,12-17yrs,385
2021-09-02,18-29yrs,2408
2021-09-02,30-39yrs,1446
2021-09-02,40-49yrs,855
2021-09-02,50-59yrs,760
2021-09-02,60-69yrs,694
2021-09-02,70-79yrs,276
2021-09-02,80+,63
2021-09-03,12-17yrs,390
2021-09-03,18-29yrs,2495
2021-09-03,30-39yrs,1471
2021-09-03,40-49yrs,864
2021-09-03,50-59yrs,770
2021-09-03,60-69yrs,701
2021-09-03,70-79yrs,276
2021-09-03,80+,63
2021-09-04,12-17yrs,402
2021-09-04,18-29yrs,2534
2021-09-04,30-39yrs,1507
2021-09-04,40-49yrs,866
2021-09-04,50-59yrs,756
2021-09-04,60-69yrs,689
2021-09-04,70-79yrs,265
2021-09-04,80+,62
2021-09-05,12-17yrs,402
2021-09-05,18-29yrs,2542
2021-09-05,30-39yrs,1505
2021-09-05,40-49yrs,865
2021-09-05,50-59yrs,753
2021-09-05,60-69yrs,687
2021-09-05,70-79yrs,265
2021-09-05,80+,62
2021-09-06,12-17yrs,406
2021-09-06,18-29yrs,2576
2021-09-06,30-39yrs,1512
2021-09-06,40-49yrs,872
2021-09-06,50-59yrs,759
2021-09-06,60-69yrs,686
2021-09-06,70-79yrs,266
2021-09-06,80+,62
2021-09-07,12-17yrs,412
2021-09-07,18-29yrs,2610
2021-09-07,30-39yrs,1526
2021-09-07,40-49yrs,876
2021-09-07,50-59yrs,768
2021-09-07,60-69yrs,691
2021-09-07,70-79yrs,269
2021-09-07,80+,62
2021-09-08,12-17yrs,424
2021-09-08,18-29yrs,2702
2021-09-08,30-39yrs,1583
2021-09-08,40-49yrs,912
2021-09-08,50-59yrs,788
2021-09-08,60-69yrs,705
2021-09-08,70-79yrs,273
2021-09-08,80+,62
2021-09-09,12-17yrs,431
2021-09-09,18-29yrs,2758
2021-09-09,30-39yrs,1610
2021-09-09,40-49yrs,941
2021-09-09,50-59yrs,796
2021-09-09,60-69yrs,710
2021-09-09,70-79yrs,268
2021-09-09,80+,63
2021-09-10,12-17yrs,437
2021-09-10,18-29yrs,2948
2021-09-10,30-39yrs,1659
2021-09-10,40-49yrs,969
2021-09-10,50-59yrs,817
2021-09-10,60-69yrs,716
2021-09-10,70-79yrs,276
2021-09-10,80+,64
2021-09-11,12-17yrs,442
2021-09-11,18-29yrs,3047
2021-09-11,30-39yrs,1689
2021-09-11,40-49yrs,1003
2021-09-11,50-59yrs,830
2021-09-11,60-69yrs,729
2021-09-11,70-79yrs,274
2021-09-11,80+,65
2021-09-12,12-17yrs,442
2021-09-12,18-29yrs,3055
2021-09-12,30-39yrs,1700
2021-09-12,40-49yrs,1006
2021-09-12,50-59yrs,831
2021-09-12,60-69yrs,728
2021-09-12,70-79yrs,273
2021-09-12,80+,63
2021-09-13,12-17yrs,443
2021-09-13,18-29yrs,3065
2021-09-13,30-39yrs,1698
2021-09-13,40-49yrs,1006
2021-09-13,50-59yrs,832
2021-09-13,60-69yrs,729
2021-09-13,70-79yrs,273
2021-09-13,80+,63
2021-09-14,12-17yrs,452
2021-09-14,18-29yrs,3235
2021-09-14,30-39yrs,1748
2021-09-14,40-49yrs,1036
2021-09-14,50-59yrs,844
2021-09-14,60-69yrs,733
2021-09-14,70-79yrs,285
2021-09-14,80+,63
2021-09-15,12-17yrs,463
2021-09-15,18-29yrs,3343
2021-09-15,30-39yrs,1811
2021-09-15,40-49yrs,1061
2021-09-15,50-59yrs,858
2021-09-15,60-69yrs,742
2021-09-15,70-79yrs,287
2021-09-15,80+,64
2021-09-16,12-17yrs,470
2021-09-16,18-29yrs,3421
2021-09-16,30-39yrs,1809
2021-09-16,40-49yrs,1068
2021-09-16,50-59yrs,871
2021-09-16,60-69yrs,749
2021-09-16,70-79yrs,293
2021-09-16,80+,64
2021-09-17,12-17yrs,492
2021-09-17,18-29yrs,3504
2021-09-17,30-39yrs,1853
2021-09-17,40-49yrs,1086
2021-09-17,50-59yrs,892
2021-09-17,60-69yrs,753
2021-09-17,70-79yrs,295
2021-09-17,80+,67
2021-09-18,12-17yrs,496
2021-09-18,18-29yrs,3578
2021-09-18,30-39yrs,1889
2021-09-18,40-49yrs,1116
2021-09-18,50-59yrs,893
2021-09-18,60-69yrs,765
2021-09-18,70-79yrs,292
2021-09-18,80+,66
2021-09-19,12-17yrs,498
2021-09-19,18-29yrs,3602
2021-09-19,30-39yrs,1896
2021-09-19,40-49yrs,1119
2021-09-19,50-59yrs,903
2021-09-19,60-69yrs,763
2021-09-19,70-79yrs,292
2021-09-19,80+,66
2021-09-20,12-17yrs,504
2021-09-20,18-29yrs,3616
2021-09-20,30-39yrs,1917
2021-09-20,40-49yrs,1132
2021-09-20,50-59yrs,916
2021-09-20,60-69yrs,763
2021-09-20,70-79yrs,291
2021-09-20,80+,66
2021-09-21,12-17yrs,19
2021-09-21,18-29yrs,151
2021-09-21,30-39yrs,205
2021-09-21,40-49yrs,155
2021-09-21,50-59yrs,100
2021-09-21,60-69yrs,36
2021-09-21,70-79yrs,13
2021-09-21,80+,4
2021-09-22,12-17yrs,22
2021-09-22,18-29yrs,154
2021-09-22,30-39yrs,213
2021-09-22,40-49yrs,169
2021-09-22,50-59yrs,110
2021-09-22,60-69yrs,39
2021-09-22,70-79yrs,12
2021-09-22,80+,3
2021-09-23,12-17yrs,524
2021-09-23,18-29yrs,3807
2021-09-23,30-39yrs,2028
2021-09-23,40-49yrs,1222
2021-09-23,50-59yrs,972
2021-09-23,60-69yrs,794
2021-09-23,70-79yrs,304
2021-09-23,80+,73
2021-09-24,12-17yrs,532
2021-09-24,18-29yrs,3924
2021-09-24,30-39yrs,2106
2021-09-24,40-49yrs,1274
2021-09-24,50-59yrs,993
2021-09-24,60-69yrs,807
2021-09-24,70-79yrs,307
2021-09-24,80+,74
2021-09-25,12-17yrs,539
2021-09-25,18-29yrs,4050
2021-09-25,30-39yrs,2163
2021-09-25,40-49yrs,1321
2021-09-25,50-59yrs,1012
2021-09-25,60-69yrs,815
2021-09-25,70-79yrs,313
2021-09-25,80+,76
2021-09-26,12-17yrs,538
2021-09-26,18-29yrs,4078
2021-09-26,30-39yrs,2178
2021-09-26,40-49yrs,1345
2021-09-26,50-59yrs,1014
2021-09-26,60-69yrs,815
2021-09-26,70-79yrs,310
2021-09-26,80+,75
2021-09-27,12-17yrs,542
2021-09-27,18-29yrs,4098
2021-09-27,30-39yrs,2205
2021-09-27,40-49yrs,1391
2021-09-27,50-59yrs,1037
2021-09-27,60-69yrs,821
2021-09-27,70-79yrs,312
2021-09-27,80+,75
2021-09-28,12-17yrs,540
2021-09-28,18-29yrs,4251
2021-09-28,30-39yrs,2270
2021-09-28,40-49yrs,1435
2021-09-28,50-59yrs,1064
2021-09-28,60-69yrs,841
2021-09-28,70-79yrs,319
2021-09-28,80+,77
2021-09-29,12-17yrs,545
2021-09-29,18-29yrs,4455
2021-09-29,30-39yrs,2367
2021-09-29,40-49yrs,1501
2021-09-29,50-59yrs,1088
2021-09-29,60-69yrs,851
2021-09-29,70-79yrs,325
2021-09-29,80+,79
2021-09-30,12-17yrs,553
2021-09-30,18-29yrs,4564
2021-09-30,30-39yrs,2444
2021-09-30,40-49yrs,1556
2021-09-30,50-59yrs,1115
2021-09-30,60-69yrs,856
2021-09-30,70-79yrs,332
2021-09-30,80+,77
2021-10-01,12-17yrs,555
2021-10-01,18-29yrs,4644
2021-10-01,30-39yrs,2485
2021-10-01,40-49yrs,1577
2021-10-01,50-59yrs,1125
2021-10-01,60-69yrs,863
2021-10-01,70-79yrs,329
2021-10-01,80+,77
2021-10-02,12-17yrs,566
2021-10-02,18-29yrs,4801
2021-10-02,30-39yrs,2550
2021-10-02,40-49yrs,1613
2021-10-02,50-59yrs,1143
2021-10-02,60-69yrs,864
2021-10-02,70-79yrs,332
2021-10-02,80+,79
2021-10-03,12-17yrs,565
2021-10-03,18-29yrs,4847
2021-10-03,30-39yrs,2562
2021-10-03,40-49yrs,1619
2021-10-03,50-59yrs,1149
2021-10-03,60-69yrs,868
2021-10-03,70-79yrs,334
2021-10-03,80+,80
2021-10-04,12-17yrs,569
2021-10-04,18-29yrs,4889
2021-10-04,30-39yrs,2571
2021-10-04,40-49yrs,1628
2021-10-04,50-59yrs,1158
2021-10-04,60-69yrs,875
2021-10-04,70-79yrs,335
2021-10-04,80+,80
2021-10-05,12-17yrs,572
2021-10-05,18-29yrs,5027
2021-10-05,30-39yrs,2608
2021-10-05,40-49yrs,1647
2021-10-05,50-59yrs,1169
2021-10-05,60-69yrs,891
2021-10-05,70-79yrs,338
2021-10-05,80+,83
2021-10-06,12-17yrs,582
2021-10-06,18-29yrs,5183
2021-10-06,30-39yrs,2669
2021-10-06,40-49yrs,1680
2021-10-06,50-59yrs,1202
2021-10-06,60-69yrs,893
2021-10-06,70-79yrs,341
2021-10-06,80+,82
2021-10-07,12-17yrs,581
2021-10-07,18-29yrs,5262
2021-10-07,30-39yrs,2740
2021-10-07,40-49yrs,1724
2021-10-07,50-59yrs,1234
2021-10-07,60-69yrs,903
2021-10-07,70-79yrs,345
2021-10-07,80+,83
2021-10-08,12-17yrs,581
2021-10-08,18-29yrs,5587
2021-10-08,30-39yrs,2833
2021-10-08,40-49yrs,1786
2021-10-08,50-59yrs,1264
2021-10-08,60-69yrs,909
2021-10-08,70-79yrs,340
2021-10-08,80+,80
2021-10-09,12-17yrs,582
2021-10-09,18-29yrs,5670
2021-10-09,30-39yrs,2878
2021-10-09,40-49yrs,1812
2021-10-09,50-59yrs,1286
2021-10-09,60-69yrs,906
2021-10-09,70-79yrs,339
2021-10-09,80+,79
2021-10-10,12-17yrs,581
2021-10-10,18-29yrs,5706
2021-10-10,30-39yrs,2907
2021-10-10,40-49yrs,1823
2021-10-10,50-59yrs,1295
2021-10-10,60-69yrs,909
2021-10-10,70-79yrs,345
2021-10-10,80+,79
2021-10-11,12-17yrs,583
2021-10-11,18-29yrs,5739
2021-10-11,30-39yrs,2909
2021-10-11,40-49yrs,1833
2021-10-11,50-59yrs,1295
2021-10-11,60-69yrs,912
2021-10-11,70-79yrs,345
2021-10-11,80+,80
2021-10-12,12-17yrs,590
2021-10-12,18-29yrs,5788
2021-10-12,30-39yrs,2945
2021-10-12,40-49yrs,1855
2021-10-12,50-59yrs,1311
2021-10-12,60-69yrs,919
2021-10-12,70-79yrs,347
2021-10-12,80+,80
2021-10-13,12-17yrs,575
2021-10-13,18-29yrs,5740
2021-10-13,30-39yrs,2453
2021-10-13,40-49yrs,1362
2021-10-13,50-59yrs,1047
2021-10-13,60-69yrs,897
2021-10-13,70-79yrs,351
2021-10-13,80+,79
2021-10-14,12-17yrs,584
2021-10-14,18-29yrs,5833
2021-10-14,30-39yrs,2485
2021-10-14,40-49yrs,1371
2021-10-14,50-59yrs,1053
2021-10-14,60-69yrs,900
2021-10-14,70-79yrs,346
2021-10-14,80+,78
2021-10-15,12-17yrs,630
2021-10-15,18-29yrs,6046
2021-10-15,30-39yrs,2537
2021-10-15,40-49yrs,1392
2021-10-15,50-59yrs,1063
2021-10-15,60-69yrs,915
2021-10-15,70-79yrs,348
2021-10-15,80+,80
2021-10-16,12-17yrs,628
2021-10-16,18-29yrs,6192
2021-10-16,30-39yrs,2544
2021-10-16,40-49yrs,1399
2021-10-16,50-59yrs,1066
2021-10-16,60-69yrs,919
2021-10-16,70-79yrs,355
2021-10-16,80+,76
2021-10-17,12-17yrs,630
2021-10-17,18-29yrs,6250
2021-10-17,30-39yrs,2552
2021-10-17,40-49yrs,1406
2021-10-17,50-59yrs,1069
2021-10-17,60-69yrs,918
2021-10-17,70-79yrs,357
2021-10-17,80+,76
2021-10-18,12-17yrs,631
2021-10-18,18-29yrs,6284
2021-10-18,30-39yrs,2564
2021-10-18,40-49yrs,1414
2021-10-18,50-59yrs,1076
2021-10-18,60-69yrs,919
2021-10-18,70-79yrs,358
2021-10-18,80+,77
2021-10-19,12-17yrs,642
2021-10-19,18-29yrs,6482
2021-10-19,30-39yrs,2630
2021-10-19,40-49yrs,1437
2021-10-19,50-59yrs,1090
2021-10-19,60-69yrs,932
2021-10-19,70-79yrs,366
2021-10-19,80+,77
2021-10-20,12-17yrs,655
2021-10-20,18-29yrs,6646
2021-10-20,30-39yrs,2678
2021-10-20,40-49yrs,1447
2021-10-20,50-59yrs,1103
2021-10-20,60-69yrs,945
2021-10-20,70-79yrs,373
2021-10-20,80+,78
2021-10-21,12-17yrs,656
2021-10-21,18-29yrs,6819
2021-10-21,30-39yrs,2727
2021-10-21,40-49yrs,1466
2021-10-21,50-59yrs,1120
2021-10-21,60-69yrs,953
2021-10-21,70-79yrs,380
2021-10-21,80+,79
2021-10-22,12-17yrs,696
2021-10-22,18-29yrs,6986
2021-10-22,30-39yrs,2763
2021-10-22,40-49yrs,1489
2021-10-22,50-59yrs,1132
2021-10-22,60-69yrs,963
2021-10-22,70-79yrs,381
2021-10-22,80+,81
2021-10-23,12-17yrs,707
2021-10-23,18-29yrs,7139
2021-10-23,30-39yrs,2794
2021-10-23,40-49yrs,1508
2021-10-23,50-59yrs,1143
2021-10-23,60-69yrs,976
2021-10-23,70-79yrs,388
2021-10-23,80+,81
2021-10-24,12-17yrs,705
2021-10-24,18-29yrs,7189
2021-10-24,30-39yrs,2807
2021-10-24,40-49yrs,1509
2021-10-24,50-59yrs,1141
2021-10-24,60-69yrs,978
2021-10-24,70-79yrs,378
2021-10-24,80+,82
2021-10-25,12-17yrs,708
2021-10-25,18-29yrs,7199
2021-10-25,30-39yrs,2804
2021-10-25,40-49yrs,1508
2021-10-25,50-59yrs,1139
2021-10-25,60-69yrs,974
2021-10-25,70-79yrs,376
2021-10-25,80+,83
2021-10-26,12-17yrs,721
2021-10-26,18-29yrs,7304
2021-10-26,30-39yrs,2836
2021-10-26,40-49yrs,1533
2021-10-26,50-59yrs,1157
2021-10-26,60-69yrs,987
2021-10-26,70-79yrs,382
2021-10-26,80+,83
2021-10-27,12-17yrs,723
2021-10-27,18-29yrs,7409
2021-10-27,30-39yrs,2868
2021-10-27,40-49yrs,1541
2021-10-27,50-59yrs,1173
2021-10-27,60-69yrs,998
2021-10-27,70-79yrs,382
2021-10-27,80+,85
2021-10-28,12-17yrs,726
2021-10-28,18-29yrs,7534
2021-10-28,30-39yrs,2909
2021-10-28,40-49yrs,1553
2021-10-28,50-59yrs,1191
2021-10-28,60-69yrs,1005
2021-10-28,70-79yrs,385
2021-10-28,80+,83
2021-10-29,12-17yrs,727
2021-10-29,18-29yrs,7657
2021-10-29,30-39yrs,2929
2021-10-29,40-49yrs,1572
2021-10-29,50-59yrs,1200
2021-10-29,60-69yrs,1015
2021-10-29,70-79yrs,383
2021-10-29,80+,83
2021-10-30,12-17yrs,733
2021-10-30,18-29yrs,7746
2021-10-30,30-39yrs,2957
2021-10-30,40-49yrs,1574
2021-10-30,50-59yrs,1212
2021-10-30,60-69yrs,1021
2021-10-30,70-79yrs,383
2021-10-30,80+,87
2021-10-31,12-17yrs,733
2021-10-31,18-29yrs,7790
2021-10-31,30-39yrs,2966
2021-10-31,40-49yrs,1580
2021-10-31,50-59yrs,1215
2021-10-31,60-69yrs,1024
2021-10-31,70-79yrs,381
2021-10-31,80+,86
2021-11-01,12-17yrs,734
2021-11-01,18-29yrs,7820
2021-11-01,30-39yrs,2982
2021-11-01,40-49yrs,1582
2021-11-01,50-59yrs,1217
2021-11-01,60-69yrs,1026
2021-11-01,70-79yrs,379
2021-11-01,80+,85
2021-11-02,12-17yrs,738
2021-11-02,18-29yrs,7948
2021-11-02,30-39yrs,3032
2021-11-02,40-49yrs,1603
2021-11-02,50-59yrs,1236
2021-11-02,60-69yrs,1043
2021-11-02,70-79yrs,388
2021-11-02,80+,85
2021-11-03,12-17yrs,744
2021-11-03,18-29yrs,8051
2021-11-03,30-39yrs,3049
2021-11-03,40-49yrs,1618
2021-11-03,50-59yrs,1250
2021-11-03,60-69yrs,1053
2021-11-03,70-79yrs,387
2021-11-03,80+,86
2021-11-04,12-17yrs,749
2021-11-04,18-29yrs,8133
2021-11-04,30-39yrs,3068
2021-11-04,40-49yrs,1627
2021-11-04,50-59yrs,1249
2021-11-04,60-69yrs,1055
2021-11-04,70-79yrs,389
2021-11-04,80+,86
2021-11-05,12-17yrs,754
2021-11-05,18-29yrs,8211
2021-11-05,30-39yrs,3107
2021-11-05,40-49yrs,1635
2021-11-05,50-59yrs,1255
2021-11-05,60-69yrs,1062
2021-11-05,70-79yrs,393
2021-11-05,80+,89
2021-11-06,12-17yrs,753
2021-11-06,18-29yrs,8181
2021-11-06,30-39yrs,3082
2021-11-06,40-49yrs,1629
2021-11-06,50-59yrs,1245
2021-11-06,60-69yrs,1058
2021-11-06,70-79yrs,391
2021-11-06,80+,83
2021-11-07,12-17yrs,755
2021-11-07,18-29yrs,8200
2021-11-07,30-39yrs,3089
2021-11-07,40-49yrs,1630
2021-11-07,50-59yrs,1250
2021-11-07,60-69yrs,1060
2021-11-07,70-79yrs,391
2021-11-07,80+,83
2021-11-08,12-17yrs,761
2021-11-08,18-29yrs,8277
2021-11-08,30-39yrs,3112
2021-11-08,40-49yrs,1636
2021-11-08,50-59yrs,1266
2021-11-08,60-69yrs,1066
2021-11-08,70-79yrs,393
2021-11-08,80+,84
2021-11-09,12-17yrs,769
2021-11-09,18-29yrs,8378
2021-11-09,30-39yrs,3140
2021-11-09,40-49yrs,1653
2021-11-09,50-59yrs,1274
2021-11-09,60-69yrs,1076
2021-11-09,70-79yrs,397
2021-11-09,80+,82
2021-11-10,12-17yrs,772
2021-11-10,18-29yrs,8464
2021-11-10,30-39yrs,3184
2021-11-10,40-49yrs,1665
2021-11-10,50-59yrs,1287
2021-11-10,60-69yrs,1083
2021-11-10,70-79yrs,400
2021-11-10,80+,83
2021-11-11,12-17yrs,776
2021-11-11,18-29yrs,8560
2021-11-11,30-39yrs,3214
2021-11-11,40-49yrs,1684
2021-11-11,50-59yrs,1307
2021-11-11,60-69yrs,1096
2021-11-11,70-79yrs,406
2021-11-11,80+,84
2021-11-12,12-17yrs,777
2021-11-12,18-29yrs,8594
2021-11-12,30-39yrs,3226
2021-11-12,40-49yrs,1683
2021-11-12,50-59yrs,1309
2021-11-12,60-69yrs,1101
2021-11-12,70-79yrs,409
2021-11-12,80+,85
2021-11-13,12-17yrs,779
2021-11-13,18-29yrs,8664
2021-11-13,30-39yrs,3259
2021-11-13,40-49yrs,1691
2021-11-13,50-59yrs,1315
2021-11-13,60-69yrs,1115
2021-11-13,70-79yrs,416
2021-11-13,80+,83
2021-11-14,12-17yrs,779
2021-11-14,18-29yrs,8679
2021-11-14,30-39yrs,3267
2021-11-14,40-49yrs,1693
2021-11-14,50-59yrs,1319
2021-11-14,60-69yrs,1118
2021-11-14,70-79yrs,406
2021-11-14,80+,83
2021-11-15,12-17yrs,780
2021-11-15,18-29yrs,8713
2021-11-15,30-39yrs,3274
2021-11-15,40-49yrs,1696
2021-11-15,50-59yrs,1317
2021-11-15,60-69yrs,1120
2021-11-15,70-79yrs,408
2021-11-15,80+,84
2021-11-16,12-17yrs,788
2021-11-16,18-29yrs,8885
2021-11-16,30-39yrs,3310
2021-11-16,40-49yrs,1715
2021-11-16,50-59yrs,1338
2021-11-16,60-69yrs,1129
2021-11-16,70-79yrs,408
2021-11-16,80+,87
2021-11-17,12-17yrs,793
2021-11-17,18-29yrs,9084
2021-11-17,30-39yrs,3380
2021-11-17,40-49yrs,1738
2021-11-17,50-59yrs,1366
2021-11-17,60-69yrs,1151
2021-11-17,70-79yrs,412
2021-11-17,80+,92
2021-11-18,12-17yrs,798
2021-11-18,18-29yrs,9232
2021-11-18,30-39yrs,3427
2021-11-18,40-49yrs,1760
2021-11-18,50-59yrs,1392
2021-11-18,60-69yrs,1164
2021-11-18,70-79yrs,419
2021-11-18,80+,94
2021-11-19,12-17yrs,803
2021-11-19,18-29yrs,9344
2021-11-19,30-39yrs,3445
2021-11-19,40-49yrs,1761
2021-11-19,50-59yrs,1397
2021-11-19,60-69yrs,1175
2021-11-19,70-79yrs,421
2021-11-19,80+,97
2021-11-20,12-17yrs,804
2021-11-20,18-29yrs,9477
2021-11-20,30-39yrs,3482
2021-11-20,40-49yrs,1771
2021-11-20,50-59yrs,1405
2021-11-20,60-69yrs,1181
2021-11-20,70-79yrs,433
2021-11-20,80+,100
2021-11-21,12-17yrs,805
2021-11-21,18-29yrs,9584
2021-11-21,30-39yrs,3515
2021-11-21,40-49yrs,1779
2021-11-21,50-59yrs,1419
2021-11-21,60-69yrs,1193
2021-11-21,70-79yrs,434
2021-11-21,80+,101
2021-11-22,12-17yrs,805
2021-11-22,18-29yrs,9618
2021-11-22,30-39yrs,3525
2021-11-22,40-49yrs,1785
2021-11-22,50-59yrs,1422
2021-11-22,60-69yrs,1196
2021-11-22,70-79yrs,437
2021-11-22,80+,102
2021-11-23,12-17yrs,810
2021-11-23,18-29yrs,9764
2021-11-23,30-39yrs,3560
2021-11-23,40-49yrs,1807
2021-11-23,50-59yrs,1441
2021-11-23,60-69yrs,1221
2021-11-23,70-79yrs,442
2021-11-23,80+,103
2021-11-24,12-17yrs,806
2021-11-24,18-29yrs,9857
2021-11-24,30-39yrs,3603
2021-11-24,40-49yrs,1823
2021-11-24,50-59yrs,1460
2021-11-24,60-69yrs,1229
2021-11-24,70-79yrs,451
2021-11-24,80+,106
2021-11-25,12-17yrs,811
2021-11-25,18-29yrs,9972
2021-11-25,30-39yrs,3623
2021-11-25,40-49yrs,1836
2021-11-25,50-59yrs,1474
2021-11-25,60-69yrs,1237
2021-11-25,70-79yrs,455
2021-11-25,80+,110
2021-11-26,12-17yrs,815
2021-11-26,18-29yrs,10057
2021-11-26,30-39yrs,3646
2021-11-26,40-49yrs,1847
2021-11-26,50-59yrs,1489
2021-11-26,60-69yrs,1254
2021-11-26,70-79yrs,468
2021-11-26,80+,109
2021-11-27,12-17yrs,818
2021-11-27,18-29yrs,10103
2021-11-27,30-39yrs,3671
2021-11-27,40-49yrs,1859
2021-11-27,50-59yrs,1497
2021-11-27,60-69yrs,1257
2021-11-27,70-79yrs,478
2021-11-27,80+,110
2021-11-28,12-17yrs,818
2021-11-28,18-29yrs,10163
2021-11-28,30-39yrs,3695
2021-11-28,40-49yrs,1872
2021-11-28,50-59yrs,1507
2021-11-28,60-69yrs,1262
2021-11-28,70-79yrs,479
2021-11-28,80+,111
2021-11-29,12-17yrs,822
2021-11-29,18-29yrs,10189
2021-11-29,30-39yrs,3711
2021-11-29,40-49yrs,1874
2021-11-29,50-59yrs,1507
2021-11-29,60-69yrs,1268
2021-11-29,70-79yrs,480
2021-11-29,80+,112
2021-11-30,12-17yrs,824
2021-11-30,18-29yrs,10243
2021-11-30,30-39yrs,3749
2021-11-30,40-49yrs,1881
2021-11-30,50-59yrs,1528
2021-11-30,60-69yrs,1284
2021-11-30,70-79yrs,487
2021-11-30,80+,117
2021-12-01,12-17yrs,833
2021-12-01,18-29yrs,10486
2021-12-01,30-39yrs,3830
2021-12-01,40-49yrs,1915
2021-12-01,50-59yrs,1558
2021-12-01,60-69yrs,1320
2021-12-01,70-79yrs,519
2021-12-01,80+,114
2021-12-02,12-17yrs,833
2021-12-02,18-29yrs,10486
2021-12-02,30-39yrs,3830
2021-12-02,40-49yrs,1915
2021-12-02,50-59yrs,1558
2021-12-02,60-69yrs,1320
2021-12-02,70-79yrs,519
2021-12-02,80+,114
2021-12-03,12-17yrs,833
2021-12-03,18-29yrs,10486
2021-12-03,30-39yrs,3830
2021-12-03,40-49yrs,1915
2021-12-03,50-59yrs,1558
2021-12-03,60-69yrs,1320
2021-12-03,70-79yrs,519
2021-12-03,80+,114
2021-12-04,12-17yrs,835
2021-12-04,18-29yrs,10544
2021-12-04,30-39yrs,3848
2021-12-04,40-49yrs,1924
2021-12-04,50-59yrs,1571
2021-12-04,60-69yrs,1323
2021-12-04,70-79yrs,522
2021-12-04,80+,114
2021-12-05,12-17yrs,841
2021-12-05,18-29yrs,10637
2021-12-05,30-39yrs,3872
2021-12-05,40-49yrs,1939
2021-12-05,50-59yrs,1577
2021-12-05,60-69yrs,1345
2021-12-05,70-79yrs,531
2021-12-05,80+,119
2021-12-06,12-17yrs,846
2021-12-06,18-29yrs,10740
2021-12-06,30-39yrs,3901
2021-12-06,40-49yrs,1952
2021-12-06,50-59yrs,1585
2021-12-06,60-69yrs,1362
2021-12-06,70-79yrs,542
2021-12-06,80+,123
2021-12-07,12-17yrs,851
2021-12-07,18-29yrs,10806
2021-12-07,30-39yrs,3922
2021-12-07,40-49yrs,1979
2021-12-07,50-59yrs,1592
2021-12-07,60-69yrs,1374
2021-12-07,70-79yrs,552
2021-12-07,80+,125
2021-12-08,12-17yrs,856
2021-12-08,18-29yrs,10834
2021-12-08,30-39yrs,3935
2021-12-08,40-49yrs,1988
2021-12-08,50-59yrs,1603
2021-12-08,60-69yrs,1384
2021-12-08,70-79yrs,559
2021-12-08,80+,126
2021-12-09,12-17yrs,857
2021-12-09,18-29yrs,10913
2021-12-09,30-39yrs,3958
2021-12-09,40-49yrs,1990
2021-12-09,50-59yrs,1622
2021-12-09,60-69yrs,1404
2021-12-09,70-79yrs,571
2021-12-09,80+,130
2021-12-10,12-17yrs,862
2021-12-10,18-29yrs,10977
2021-12-10,30-39yrs,3991
2021-12-10,40-49yrs,1999
2021-12-10,50-59yrs,1641
2021-12-10,60-69yrs,1425
2021-12-10,70-79yrs,582
2021-12-10,80+,132
2021-12-11,12-17yrs,865
2021-12-11,18-29yrs,11059
2021-12-11,30-39yrs,4025
2021-12-11,40-49yrs,2010
2021-12-11,50-59yrs,1647
2021-12-11,60-69yrs,1439
2021-12-11,70-79yrs,593
2021-12-11,80+,134
2021-12-12,12-17yrs,867
2021-12-12,18-29yrs,11115
2021-12-12,30-39yrs,4049
2021-12-12,40-49yrs,2022
2021-12-12,50-59yrs,1659
2021-12-12,60-69yrs,1455
2021-12-12,70-79yrs,598
2021-12-12,80+,135
2021-12-13,12-17yrs,871
2021-12-13,18-29yrs,11161
2021-12-13,30-39yrs,4064
2021-12-13,40-49yrs,2030
2021-12-13,50-59yrs,1663
2021-12-13,60-69yrs,1469
2021-12-13,70-79yrs,601
2021-12-13,80+,135
2021-12-14,12-17yrs,875
2021-12-14,18-29yrs,11255
2021-12-14,30-39yrs,4092
2021-12-14,40-49yrs,2042
2021-12-14,50-59yrs,1677
2021-12-14,60-69yrs,1485
2021-12-14,70-79yrs,608
2021-12-14,80+,139
2021-12-15,12-17yrs,878
2021-12-15,18-29yrs,11348
2021-12-15,30-39yrs,4127
2021-12-15,40-49yrs,2061
2021-12-15,50-59yrs,1702
2021-12-15,60-69yrs,1519
2021-12-15,70-79yrs,622
2021-12-15,80+,141
2021-12-16,12-17yrs,883
2021-12-16,18-29yrs,11400
2021-12-16,30-39yrs,4135
2021-12-16,40-49yrs,2066
2021-12-16,50-59yrs,1719
2021-12-16,60-69yrs,1525
2021-12-16,70-79yrs,628
2021-12-16,80+,142
2021-12-17,12-17yrs,888
2021-12-17,18-29yrs,11436
2021-12-17,30-39yrs,4146
2021-12-17,40-49yrs,2073
2021-12-17,50-59yrs,1718
2021-12-17,60-69yrs,1536
2021-12-17,70-79yrs,641
2021-12-17,80+,146
2021-12-18,12-17yrs,891
2021-12-18,18-29yrs,11452
2021-12-18,30-39yrs,4148
2021-12-18,40-49yrs,2078
2021-12-18,50-59yrs,1717
2021-12-18,60-69yrs,1543
2021-12-18,70-79yrs,649
2021-12-18,80+,148
2021-12-19,12-17yrs,890
2021-12-19,18-29yrs,11475
2021-12-19,30-39yrs,4152
2021-12-19,40-49yrs,2083
2021-12-19,50-59yrs,1729
2021-12-19,60-69yrs,1551
2021-12-19,70-79yrs,658
2021-12-19,80+,150
2021-12-20,12-17yrs,897
2021-12-20,18-29yrs,11539
2021-12-20,30-39yrs,4176
2021-12-20,40-49yrs,2091
2021-12-20,50-59yrs,1739
2021-12-20,60-69yrs,1569
2021-12-20,70-79yrs,670
2021-12-20,80+,151
2021-12-21,12-17yrs,899
2021-12-21,18-29yrs,11631
2021-12-21,30-39yrs,4196
2021-12-21,40-49yrs,2097
2021-12-21,50-59yrs,1760
2021-12-21,60-69yrs,1589
2021-12-21,70-79yrs,678
2021-12-21,80+,156
2021-12-22,12-17yrs,900
2021-12-22,18-29yrs,11663
2021-12-22,30-39yrs,4213
2021-12-22,40-49yrs,2111
2021-12-22,50-59yrs,1772
2021-12-22,60-69yrs,1612
2021-12-22,70-79yrs,688
2021-12-22,80+,162
2021-12-23,12-17yrs,905
2021-12-23,18-29yrs,11690
2021-12-23,30-39yrs,4247
2021-12-23,40-49yrs,2125
2021-12-23,50-59yrs,1790
2021-12-23,60-69yrs,1626
2021-12-23,70-79yrs,694
2021-12-23,80+,163
2021-12-24,12-17yrs,907
2021-12-24,18-29yrs,11696
2021-12-24,30-39yrs,4267
2021-12-24,40-49yrs,2129
2021-12-24,50-59yrs,1803
2021-12-24,60-69yrs,1650
2021-12-24,70-79yrs,716
2021-12-24,80+,163
2021-12-25,12-17yrs,910
2021-12-25,18-29yrs,11726
2021-12-25,30-39yrs,4292
2021-12-25,40-49yrs,2137
2021-12-25,50-59yrs,1802
2021-12-25,60-69yrs,1655
2021-12-25,70-79yrs,716
2021-12-25,80+,166
2021-12-26,12-17yrs,909
2021-12-26,18-29yrs,11717
2021-12-26,30-39yrs,4278
2021-12-26,40-49yrs,2132
2021-12-26,50-59yrs,1801
2021-12-26,60-69yrs,1654
2021-12-26,70-79yrs,716
2021-12-26,80+,165
2021-12-27,12-17yrs,909
2021-12-27,18-29yrs,11722
2021-12-27,30-39yrs,4279
2021-12-27,40-49yrs,2134
2021-12-27,50-59yrs,1801
2021-12-27,60-69yrs,1656
2021-12-27,70-79yrs,718
2021-12-27,80+,166
2021-12-28,05-11yrs,2
2021-12-28,12-17yrs,917
2021-12-28,18-29yrs,11789
2021-12-28,30-39yrs,4325
2021-12-28,40-49yrs,2150
2021-12-28,50-59yrs,1823
2021-12-28,60-69yrs,1671
2021-12-28,70-79yrs,730
2021-12-28,80+,170
2021-12-29,05-11yrs,1
2021-12-29,12-17yrs,919
2021-12-29,18-29yrs,11841
2021-12-29,30-39yrs,4357
2021-12-29,40-49yrs,2173
2021-12-29,50-59yrs,1832
2021-12-29,60-69yrs,1681
2021-12-29,70-79yrs,737
2021-12-29,80+,170
2021-12-30,05-11yrs,1
2021-12-30,12-17yrs,918
2021-12-30,18-29yrs,11829
2021-12-30,30-39yrs,4350
2021-12-30,40-49yrs,2164
2021-12-30,50-59yrs,1832
2021-12-30,60-69yrs,1673
2021-12-30,70-79yrs,735
2021-12-30,80+,168
2021-12-31,05-11yrs,1
2021-12-31,12-17yrs,917
2021-12-31,18-29yrs,11811
2021-12-31,30-39yrs,4345
2021-12-31,40-49yrs,2165
2021-12-31,50-59yrs,1835
2021-12-31,60-69yrs,1665
2021-12-31,70-79yrs,736
2021-12-31,80+,169
2022-01-01,05-11yrs,1
2022-01-01,12-17yrs,921
2022-01-01,18-29yrs,11844
2022-01-01,30-39yrs,4367
2022-01-01,40-49yrs,2177
2022-01-01,50-59yrs,1841
2022-01-01,60-69yrs,1686
2022-01-01,70-79yrs,747
2022-01-01,80+,171
2022-01-02,05-11yrs,1
2022-01-02,12-17yrs,922
2022-01-02,18-29yrs,11870
2022-01-02,30-39yrs,4367
2022-01-02,40-49yrs,2177
2022-01-02,50-59yrs,1846
2022-01-02,60-69yrs,1689
2022-01-02,70-79yrs,751
2022-01-02,80+,172
2022-01-03,05-11yrs,1
2022-01-03,12-17yrs,923
2022-01-03,18-29yrs,11909
2022-01-03,30-39yrs,4398
2022-01-03,40-49yrs,2184
2022-01-03,50-59yrs,1853
2022-01-03,60-69yrs,1700
2022-01-03,70-79yrs,755
2022-01-03,80+,172
2022-01-04,05-11yrs,1
2022-01-04,12-17yrs,926
2022-01-04,18-29yrs,11956
2022-01-04,30-39yrs,4414
2022-01-04,40-49yrs,2194
2022-01-04,50-59yrs,1871
2022-01-04,60-69yrs,1718
2022-01-04,70-79yrs,761
2022-01-04,80+,173
2022-01-05,05-11yrs,1
2022-01-05,12-17yrs,934
2022-01-05,18-29yrs,12041
2022-01-05,30-39yrs,4439
2022-01-05,40-49yrs,2205
2022-01-05,50-59yrs,1895
2022-01-05,60-69yrs,1737
2022-01-05,70-79yrs,771
2022-01-05,80+,173
2022-01-06,05-11yrs,1
2022-01-06,12-17yrs,933
2022-01-06,18-29yrs,12149
2022-01-06,30-39yrs,4468
2022-01-06,40-49yrs,2212
2022-01-06,50-59yrs,1921
2022-01-06,60-69yrs,1759
2022-01-06,70-79yrs,780
2022-01-06,80+,176
2022-01-07,05-11yrs,2
2022-01-07,12-17yrs,932
2022-01-07,18-29yrs,12208
2022-01-07,30-39yrs,4496
2022-01-07,40-49yrs,2236
2022-01-07,50-59yrs,1935
2022-01-07,60-69yrs,1773
2022-01-07,70-79yrs,796
2022-01-07,80+,178
2022-01-08,05-11yrs,4
2022-01-08,12-17yrs,935
2022-01-08,18-29yrs,12286
2022-01-08,30-39yrs,4497
2022-01-08,40-49yrs,2247
2022-01-08,50-59yrs,1944
2022-01-08,60-69yrs,1796
2022-01-08,70-79yrs,807
2022-01-08,80+,179
2022-01-09,05-11yrs,4
2022-01-09,12-17yrs,935
2022-01-09,18-29yrs,12326
2022-01-09,30-39yrs,4495
2022-01-09,40-49yrs,2252
2022-01-09,50-59yrs,1953
2022-01-09,60-69yrs,1798
2022-01-09,70-79yrs,807
2022-01-09,80+,179
2022-01-10,05-11yrs,4
2022-01-10,12-17yrs,936
2022-01-10,18-29yrs,12343
2022-01-10,30-39yrs,4490
2022-01-10,40-49yrs,2256
2022-01-10,50-59yrs,1960
2022-01-10,60-69yrs,1800
2022-01-10,70-79yrs,808
2022-01-10,80+,180
2022-01-11,05-11yrs,4
2022-01-11,12-17yrs,945
2022-01-11,18-29yrs,12444
2022-01-11,30-39yrs,4507
2022-01-11,40-49yrs,2277
2022-01-11,50-59yrs,1977
2022-01-11,60-69yrs,1857
2022-01-11,70-79yrs,812
2022-01-11,80+,180
2022-01-12,05-11yrs,4
2022-01-12,12-17yrs,955
2022-01-12,18-29yrs,12517
2022-01-12,30-39yrs,4528
2022-01-12,40-49yrs,2295
2022-01-12,50-59yrs,2010
2022-01-12,60-69yrs,1917
2022-01-12,70-79yrs,823
2022-01-12,80+,180
2022-01-13,05-11yrs,5
2022-01-13,12-17yrs,960
2022-01-13,18-29yrs,12576
2022-01-13,30-39yrs,4566
2022-01-13,40-49yrs,2323
2022-01-13,50-59yrs,2025
2022-01-13,60-69yrs,1930
2022-01-13,70-79yrs,832
2022-01-13,80+,181
2022-01-14,05-11yrs,6
2022-01-14,12-17yrs,965
2022-01-14,18-29yrs,12699
2022-01-14,30-39yrs,4611
2022-01-14,40-49yrs,2347
2022-01-14,50-59yrs,2042
2022-01-14,60-69yrs,1933
2022-01-14,70-79yrs,840
2022-01-14,80+,182
2022-01-15,05-11yrs,6
2022-01-15,12-17yrs,968
2022-01-15,18-29yrs,12725
2022-01-15,30-39yrs,4651
2022-01-15,40-49yrs,2357
2022-01-15,50-59yrs,2064
2022-01-15,60-69yrs,1955
2022-01-15,70-79yrs,847
2022-01-15,80+,182
2022-01-16,05-11yrs,6
2022-01-16,12-17yrs,968
2022-01-16,18-29yrs,12741
2022-01-16,30-39yrs,4667
2022-01-16,40-49yrs,2366
2022-01-16,50-59yrs,2070
2022-01-16,60-69yrs,1959
2022-01-16,70-79yrs,847
2022-01-16,80+,183
2022-01-17,05-11yrs,7
2022-01-17,12-17yrs,972
2022-01-17,18-29yrs,12742
2022-01-17,30-39yrs,4672
2022-01-17,40-49yrs,2369
2022-01-17,50-59yrs,2079
2022-01-17,60-69yrs,1962
2022-01-17,70-79yrs,852
2022-01-17,80+,181
2022-01-18,05-11yrs,9
2022-01-18,12-17yrs,982
2022-01-18,18-29yrs,12832
2022-01-18,30-39yrs,4718
2022-01-18,40-49yrs,2392
2022-01-18,50-59yrs,2089
2022-01-18,60-69yrs,1966
2022-01-18,70-79yrs,856
2022-01-18,80+,184
2022-01-19,05-11yrs,12
2022-01-19,12-17yrs,986
2022-01-19,18-29yrs,12968
2022-01-19,30-39yrs,4745
2022-01-19,40-49yrs,2410
2022-01-19,50-59yrs,2097
2022-01-19,60-69yrs,1972
2022-01-19,70-79yrs,862
2022-01-19,80+,184
2022-01-20,05-11yrs,14
2022-01-20,12-17yrs,985
2022-01-20,18-29yrs,13042
2022-01-20,30-39yrs,4760
2022-01-20,40-49yrs,2417
2022-01-20,50-59yrs,2107
2022-01-20,60-69yrs,1954
2022-01-20,70-79yrs,854
2022-01-20,80+,186
2022-01-21,05-11yrs,15
2022-01-21,12-17yrs,990
2022-01-21,18-29yrs,13121
2022-01-21,30-39yrs,4777
2022-01-21,40-49yrs,2423
2022-01-21,50-59yrs,2130
2022-01-21,60-69yrs,1960
2022-01-21,70-79yrs,866
2022-01-21,80+,187
2022-01-22,05-11yrs,16
2022-01-22,12-17yrs,991
2022-01-22,18-29yrs,13199
2022-01-22,30-39yrs,4812
2022-01-22,40-49yrs,2438
2022-01-22,50-59yrs,2140
2022-01-22,60-69yrs,1969
2022-01-22,70-79yrs,893
2022-01-22,80+,190
2022-01-23,05-11yrs,16
2022-01-23,12-17yrs,991
2022-01-23,18-29yrs,13283
2022-01-23,30-39yrs,4788
2022-01-23,40-49yrs,2441
2022-01-23,50-59yrs,2146
2022-01-23,60-69yrs,1973
2022-01-23,70-79yrs,890
2022-01-23,80+,190
2022-01-24,05-11yrs,16
2022-01-24,12-17yrs,994
2022-01-24,18-29yrs,13377
2022-01-24,30-39yrs,4804
2022-01-24,40-49yrs,2450
2022-01-24,50-59yrs,2159
2022-01-24,60-69yrs,1982
2022-01-24,70-79yrs,893
2022-01-24,80+,191
2022-01-25,05-11yrs,17
2022-01-25,12-17yrs,1003
2022-01-25,18-29yrs,13541
2022-01-25,30-39yrs,4845
2022-01-25,40-49yrs,2476
2022-01-25,50-59yrs,2173
2022-01-25,60-69yrs,2001
2022-01-25,70-79yrs,907
2022-01-25,80+,192
2022-01-26,05-11yrs,17
2022-01-26,12-17yrs,1010
2022-01-26,18-29yrs,13676
2022-01-26,30-39yrs,4882
2022-01-26,40-49yrs,2493
2022-01-26,50-59yrs,2184
2022-01-26,60-69yrs,2017
2022-01-26,70-79yrs,911
2022-01-26,80+,196
2022-01-27,05-11yrs,17
2022-01-27,12-17yrs,1014
2022-01-27,18-29yrs,13798
2022-01-27,30-39yrs,4915
2022-01-27,40-49yrs,2506
2022-01-27,50-59yrs,2194
2022-01-27,60-69yrs,2044
2022-01-27,70-79yrs,919
2022-01-27,80+,199
2022-01-28,05-11yrs,18
2022-01-28,12-17yrs,1029
2022-01-28,18-29yrs,13943
2022-01-28,30-39yrs,4952
2022-01-28,40-49yrs,2522
2022-01-28,50-59yrs,2210
2022-01-28,60-69yrs,2061
2022-01-28,70-79yrs,918
2022-01-28,80+,200
2022-01-29,05-11yrs,18
2022-01-29,12-17yrs,1030
2022-01-29,18-29yrs,14052
2022-01-29,30-39yrs,4986
2022-01-29,40-49yrs,2539
2022-01-29,50-59yrs,2218
2022-01-29,60-69yrs,2075
2022-01-29,70-79yrs,919
2022-01-29,80+,200
2022-01-30,05-11yrs,18
2022-01-30,12-17yrs,1032
2022-01-30,18-29yrs,14095
2022-01-30,30-39yrs,5000
2022-01-30,40-49yrs,2544
2022-01-30,50-59yrs,2226
2022-01-30,60-69yrs,2082
2022-01-30,70-79yrs,922
2022-01-30,80+,201
2022-01-31,05-11yrs,18
2022-01-31,12-17yrs,1030
2022-01-31,18-29yrs,14118
2022-01-31,30-39yrs,4998
2022-01-31,40-49yrs,2541
2022-01-31,50-59yrs,2232
2022-01-31,60-69yrs,2081
2022-01-31,70-79yrs,922
2022-01-31,80+,201
2022-02-01,05-11yrs,18
2022-02-01,12-17yrs,1044
2022-02-01,18-29yrs,14260
2022-02-01,30-39yrs,5026
2022-02-01,40-49yrs,2569
2022-02-01,50-59yrs,2242
2022-02-01,60-69yrs,2094
2022-02-01,70-79yrs,927
2022-02-01,80+,201
2022-02-02,05-11yrs,20
2022-02-02,12-17yrs,1050
2022-02-02,18-29yrs,14423
2022-02-02,30-39yrs,5066
2022-02-02,40-49yrs,2593
2022-02-02,50-59yrs,2260
2022-02-02,60-69yrs,2100
2022-02-02,70-79yrs,930
2022-02-02,80+,201
2022-02-03,05-11yrs,20
2022-02-03,12-17yrs,1056
2022-02-03,18-29yrs,14567
2022-02-03,30-39yrs,5182
2022-02-03,40-49yrs,2625
2022-02-03,50-59yrs,2271
2022-02-03,60-69yrs,2118
2022-02-03,70-79yrs,937
2022-02-03,80+,203
2022-02-04,05-11yrs,21
2022-02-04,12-17yrs,1065
2022-02-04,18-29yrs,14708
2022-02-04,30-39yrs,5258
2022-02-04,40-49yrs,2643
2022-02-04,50-59yrs,2287
2022-02-04,60-69yrs,2124
2022-02-04,70-79yrs,940
2022-02-04,80+,202
2022-02-05,05-11yrs,20
2022-02-05,12-17yrs,1071
2022-02-05,18-29yrs,14880
2022-02-05,30-39yrs,5280
2022-02-05,40-49yrs,2645
2022-02-05,50-59yrs,2299
2022-02-05,60-69yrs,2135
2022-02-05,70-79yrs,943
2022-02-05,80+,203
2022-02-06,05-11yrs,20
2022-02-06,12-17yrs,1069
2022-02-06,18-29yrs,14941
2022-02-06,30-39yrs,5279
2022-02-06,40-49yrs,2645
2022-02-06,50-59yrs,2294
2022-02-06,60-69yrs,2132
2022-02-06,70-79yrs,941
2022-02-06,80+,203
2022-02-07,05-11yrs,20
2022-02-07,12-17yrs,1073
2022-02-07,18-29yrs,14965
2022-02-07,30-39yrs,5280
2022-02-07,40-49yrs,2651
2022-02-07,50-59yrs,2299
2022-02-07,60-69yrs,2136
2022-02-07,70-79yrs,941
2022-02-07,80+,202
2022-02-08,05-11yrs,25
2022-02-08,12-17yrs,1094
2022-02-08,18-29yrs,15080
2022-02-08,30-39yrs,5327
2022-02-08,40-49yrs,2686
2022-02-08,50-59yrs,2324
2022-02-08,60-69yrs,2162
2022-02-08,70-79yrs,945
2022-02-08,80+,200
2022-02-09,05-11yrs,27
2022-02-09,12-17yrs,1117
2022-02-09,18-29yrs,15241
2022-02-09,30-39yrs,5382
2022-02-09,40-49yrs,2718
2022-02-09,50-59yrs,2340
2022-02-09,60-69yrs,2182
2022-02-09,70-79yrs,946
2022-02-09,80+,200
2022-02-10,05-11yrs,28
2022-02-10,12-17yrs,1131
2022-02-10,18-29yrs,15428
2022-02-10,30-39yrs,5412
2022-02-10,40-49yrs,2727
2022-02-10,50-59yrs,2346
2022-02-10,60-69yrs,2193
2022-02-10,70-79yrs,949
2022-02-10,80+,198
2022-02-11,05-11yrs,29
2022-02-11,12-17yrs,1133
2022-02-11,18-29yrs,15602
2022-02-11,30-39yrs,5465
2022-02-11,40-49yrs,2724
2022-02-11,50-59yrs,2364
2022-02-11,60-69yrs,2191
2022-02-11,70-79yrs,945
2022-02-11,80+,198
2022-02-12,05-11yrs,29
2022-02-12,12-17yrs,1139
2022-02-12,18-29yrs,15711
2022-02-12,30-39yrs,5489
2022-02-12,40-49yrs,2727
2022-02-12,50-59yrs,2374
2022-02-12,60-69yrs,2202
2022-02-12,70-79yrs,948
2022-02-12,80+,199
2022-02-13,05-11yrs,29
2022-02-13,12-17yrs,1139
2022-02-13,18-29yrs,15718
2022-02-13,30-39yrs,5487
2022-02-13,40-49yrs,2730
2022-02-13,50-59yrs,2376
2022-02-13,60-69yrs,2206
2022-02-13,70-79yrs,945
2022-02-13,80+,199
2022-02-14,05-11yrs,29
2022-02-14,12-17yrs,1134
2022-02-14,18-29yrs,15736
2022-02-14,30-39yrs,5489
2022-02-14,40-49yrs,2730
2022-02-14,50-59yrs,2373
2022-02-14,60-69yrs,2209
2022-02-14,70-79yrs,946
2022-02-14,80+,200
2022-02-15,05-11yrs,30
2022-02-15,12-17yrs,1142
2022-02-15,18-29yrs,15922
2022-02-15,30-39yrs,5529
2022-02-15,40-49yrs,2740
2022-02-15,50-59yrs,2387
2022-02-15,60-69yrs,2221
2022-02-15,70-79yrs,948
2022-02-15,80+,200
2022-02-16,05-11yrs,31
2022-02-16,12-17yrs,1147
2022-02-16,18-29yrs,16063
2022-02-16,30-39yrs,5554
2022-02-16,40-49yrs,2743
2022-02-16,50-59yrs,2403
2022-02-16,60-69yrs,2227
2022-02-16,70-79yrs,952
2022-02-16,80+,200
2022-02-17,05-11yrs,32
2022-02-17,12-17yrs,1154
2022-02-17,18-29yrs,16217
2022-02-17,30-39yrs,5607
2022-02-17,40-49yrs,2766
2022-02-17,50-59yrs,2417
2022-02-17,60-69yrs,2236
2022-02-17,70-79yrs,955
2022-02-17,80+,199
2022-02-18,05-11yrs,32
2022-02-18,12-17yrs,1151
2022-02-18,18-29yrs,16391
2022-02-18,30-39yrs,5632
2022-02-18,40-49yrs,2775
2022-02-18,50-59yrs,2432
2022-02-18,60-69yrs,2245
2022-02-18,70-79yrs,958
2022-02-18,80+,199
2022-02-19,05-11yrs,34
2022-02-19,12-17yrs,1153
2022-02-19,18-29yrs,16565
2022-02-19,30-39yrs,5663
2022-02-19,40-49yrs,2782
2022-02-19,50-59yrs,2438
2022-02-19,60-69yrs,2247
2022-02-19,70-79yrs,962
2022-02-19,80+,202
2022-02-20,05-11yrs,34
2022-02-20,12-17yrs,1154
2022-02-20,18-29yrs,16581
2022-02-20,30-39yrs,5663
2022-02-20,40-49yrs,2781
2022-02-20,50-59yrs,2434
2022-02-20,60-69yrs,2250
2022-02-20,70-79yrs,964
2022-02-20,80+,202
2022-02-21,05-11yrs,31
2022-02-21,12-17yrs,1156
2022-02-21,18-29yrs,16595
2022-02-21,30-39yrs,5663
2022-02-21,40-49yrs,2781
2022-02-21,50-59yrs,2436
2022-02-21,60-69yrs,2254
2022-02-21,70-79yrs,965
2022-02-21,80+,202
2022-02-22,05-11yrs,31
2022-02-22,12-17yrs,1160
2022-02-22,18-29yrs,16633
2022-02-22,30-39yrs,5670
2022-02-22,40-49yrs,2782
2022-02-22,50-59yrs,2438
2022-02-22,60-69yrs,2254
2022-02-22,70-79yrs,967
2022-02-22,80+,202
2022-02-23,05-11yrs,32
2022-02-23,12-17yrs,1179
2022-02-23,18-29yrs,16812
2022-02-23,30-39yrs,5708
2022-02-23,40-49yrs,2788
2022-02-23,50-59yrs,2450
2022-02-23,60-69yrs,2254
2022-02-23,70-79yrs,967
2022-02-23,80+,201
2022-02-24,05-11yrs,33
2022-02-24,12-17yrs,1176
2022-02-24,18-29yrs,16941
2022-02-24,30-39yrs,5755
2022-02-24,40-49yrs,2794
2022-02-24,50-59yrs,2461
2022-02-24,60-69yrs,2260
2022-02-24,70-79yrs,967
2022-02-24,80+,202
2022-02-25,05-11yrs,32
2022-02-25,12-17yrs,1184
2022-02-25,18-29yrs,17073
2022-02-25,30-39yrs,5792
2022-02-25,40-49yrs,2801
2022-02-25,50-59yrs,2469
2022-02-25,60-69yrs,2267
2022-02-25,70-79yrs,965
2022-02-25,80+,202
2022-02-26,05-11yrs,32
2022-02-26,12-17yrs,1189
2022-02-26,18-29yrs,17166
2022-02-26,30-39yrs,5809
2022-02-26,40-49yrs,2816
2022-02-26,50-59yrs,2475
2022-02-26,60-69yrs,2269
2022-02-26,70-79yrs,965
2022-02-26,80+,202
2022-02-27,05-11yrs,32
2022-02-27,12-17yrs,1188
2022-02-27,18-29yrs,17166
2022-02-27,30-39yrs,5807
2022-02-27,40-49yrs,2813
2022-02-27,50-59yrs,2479
2022-02-27,60-69yrs,2271
2022-02-27,70-79yrs,966
2022-02-27,80+,202
2022-02-28,05-11yrs,32
2022-02-28,12-17yrs,1187
2022-02-28,18-29yrs,17175
2022-02-28,30-39yrs,5812
2022-02-28,40-49yrs,2812
2022-02-28,50-59yrs,2482
2022-02-28,60-69yrs,2272
2022-02-28,70-79yrs,967
2022-02-28,80+,202
2022-03-01,05-11yrs,34
2022-03-01,12-17yrs,1191
2022-03-01,18-29yrs,17251
2022-03-01,30-39yrs,5835
2022-03-01,40-49yrs,2823
2022-03-01,50-59yrs,2487
2022-03-01,60-69yrs,2278
2022-03-01,70-79yrs,969
2022-03-01,80+,205
2022-03-02,05-11yrs,33
2022-03-02,12-17yrs,1192
2022-03-02,18-29yrs,17330
2022-03-02,30-39yrs,5852
2022-03-02,40-49yrs,2828
2022-03-02,50-59yrs,2489
2022-03-02,60-69yrs,2277
2022-03-02,70-79yrs,969
2022-03-02,80+,206
2022-03-03,05-11yrs,33
2022-03-03,12-17yrs,1191
2022-03-03,18-29yrs,17399
2022-03-03,30-39yrs,5863
2022-03-03,40-49yrs,2832
2022-03-03,50-59yrs,2496
2022-03-03,60-69yrs,2281
2022-03-03,70-79yrs,969
2022-03-03,80+,206
2022-03-04,05-11yrs,34
2022-03-04,12-17yrs,1193
2022-03-04,18-29yrs,17463
2022-03-04,30-39yrs,5878
2022-03-04,40-49yrs,2835
2022-03-04,50-59yrs,2490
2022-03-04,60-69yrs,2287
2022-03-04,70-79yrs,973
2022-03-04,80+,206
2022-03-05,05-11yrs,34
2022-03-05,12-17yrs,1197
2022-03-05,18-29yrs,17502
2022-03-05,30-39yrs,5879
2022-03-05,40-49yrs,2839
2022-03-05,50-59yrs,2493
2022-03-05,60-69yrs,2288
2022-03-05,70-79yrs,974
2022-03-05,80+,206
2022-03-06,05-11yrs,34
2022-03-06,12-17yrs,1197
2022-03-06,18-29yrs,17508
2022-03-06,30-39yrs,5878
2022-03-06,40-49yrs,2837
2022-03-06,50-59yrs,2494
2022-03-06,60-69yrs,2290
2022-03-06,70-79yrs,972
2022-03-06,80+,207
2022-03-07,05-11yrs,34
2022-03-07,12-17yrs,1199
2022-03-07,18-29yrs,17514
2022-03-07,30-39yrs,5885
2022-03-07,40-49yrs,2838
2022-03-07,50-59yrs,2497
2022-03-07,60-69yrs,2291
2022-03-07,70-79yrs,973
2022-03-07,80+,207
2022-03-08,05-11yrs,33
2022-03-08,12-17yrs,1202
2022-03-08,18-29yrs,17577
2022-03-08,30-39yrs,5896
2022-03-08,40-49yrs,2850
2022-03-08,50-59yrs,2510
2022-03-08,60-69yrs,2294
2022-03-08,70-79yrs,976
2022-03-08,80+,207
2022-03-09,05-11yrs,35
2022-03-09,12-17yrs,1202
2022-03-09,18-29yrs,17596
2022-03-09,30-39yrs,5904
2022-03-09,40-49yrs,2861
2022-03-09,50-59yrs,2518
2022-03-09,60-69yrs,2299
2022-03-09,70-79yrs,975
2022-03-09,80+,208
2022-03-10,05-11yrs,36
2022-03-10,12-17yrs,1203
2022-03-10,18-29yrs,17617
2022-03-10,30-39yrs,5903
2022-03-10,40-49yrs,2865
2022-03-10,50-59yrs,2516
2022-03-10,60-69yrs,2290
2022-03-10,70-79yrs,974
2022-03-10,80+,208
2022-03-11,05-11yrs,37
2022-03-11,12-17yrs,1201
2022-03-11,18-29yrs,17644
2022-03-11,30-39yrs,5925
2022-03-11,40-49yrs,2873
2022-03-11,50-59yrs,2516
2022-03-11,60-69yrs,2296
2022-03-11,70-79yrs,976
2022-03-11,80+,208
2022-03-12,05-11yrs,39
2022-03-12,12-17yrs,1199
2022-03-12,18-29yrs,17667
2022-03-12,30-39yrs,5936
2022-03-12,40-49yrs,2876
2022-03-12,50-59yrs,2522
2022-03-12,60-69yrs,2298
2022-03-12,70-79yrs,976
2022-03-12,80+,208
2022-03-13,05-11yrs,38
2022-03-13,12-17yrs,1199
2022-03-13,18-29yrs,17672
2022-03-13,30-39yrs,5933
2022-03-13,40-49yrs,2879
2022-03-13,50-59yrs,2521
2022-03-13,60-69yrs,2299
2022-03-13,70-79yrs,976
2022-03-13,80+,208
2022-03-14,05-11yrs,38
2022-03-14,12-17yrs,1200
2022-03-14,18-29yrs,17672
2022-03-14,30-39yrs,5933
2022-03-14,40-49yrs,2879
2022-03-14,50-59yrs,2522
2022-03-14,60-69yrs,2299
2022-03-14,70-79yrs,976
2022-03-14,80+,208
2022-03-15,05-11yrs,38
2022-03-15,12-17yrs,1203
2022-03-15,18-29yrs,17698
2022-03-15,30-39yrs,5939
2022-03-15,40-49yrs,2884
2022-03-15,50-59yrs,2526
2022-03-15,60-69yrs,2305
2022-03-15,70-79yrs,976
2022-03-15,80+,208
2022-03-16,05-11yrs,39
2022-03-16,12-17yrs,1202
2022-03-16,18-29yrs,17717
2022-03-16,30-39yrs,5943
2022-03-16,40-49yrs,2884
2022-03-16,50-59yrs,2531
2022-03-16,60-69yrs,2308
2022-03-16,70-79yrs,977
2022-03-16,80+,207
2022-03-17,05-11yrs,38
2022-03-17,12-17yrs,1206
2022-03-17,18-29yrs,17730
2022-03-17,30-39yrs,5949
2022-03-17,40-49yrs,2887
2022-03-17,50-59yrs,2530
2022-03-17,60-69yrs,2312
2022-03-17,70-79yrs,978
2022-03-17,80+,207
2022-03-18,05-11yrs,38
2022-03-18,12-17yrs,1204
2022-03-18,18-29yrs,17764
2022-03-18,30-39yrs,5957
2022-03-18,40-49yrs,2887
2022-03-18,50-59yrs,2533
2022-03-18,60-69yrs,2318
2022-03-18,70-79yrs,978
2022-03-18,80+,207
2022-03-19,05-11yrs,39
2022-03-19,12-17yrs,1204
2022-03-19,18-29yrs,17788
2022-03-19,30-39yrs,5957
2022-03-19,40-49yrs,2890
2022-03-19,50-59yrs,2538
2022-03-19,60-69yrs,2320
2022-03-19,70-79yrs,976
2022-03-19,80+,207
2022-03-20,05-11yrs,39
2022-03-20,12-17yrs,1204
2022-03-20,18-29yrs,17794
2022-03-20,30-39yrs,5958
2022-03-20,40-49yrs,2890
2022-03-20,50-59yrs,2539
2022-03-20,60-69yrs,2319
2022-03-20,70-79yrs,976
2022-03-20,80+,207
2022-03-21,05-11yrs,39
2022-03-21,12-17yrs,1204
2022-03-21,18-29yrs,17804
2022-03-21,30-39yrs,5960
2022-03-21,40-49yrs,2892
2022-03-21,50-59yrs,2539
2022-03-21,60-69yrs,2320
2022-03-21,70-79yrs,976
2022-03-21,80+,207
2022-03-22,05-11yrs,39
2022-03-22,12-17yrs,1205
2022-03-22,18-29yrs,17825
2022-03-22,30-39yrs,5970
2022-03-22,40-49yrs,2895
2022-03-22,50-59yrs,2539
2022-03-22,60-69yrs,2322
2022-03-22,70-79yrs,975
2022-03-22,80+,207
2022-03-23,05-11yrs,39
2022-03-23,12-17yrs,1205
2022-03-23,18-29yrs,17853
2022-03-23,30-39yrs,5983
2022-03-23,40-49yrs,2900
2022-03-23,50-59yrs,2543
2022-03-23,60-69yrs,2325
2022-03-23,70-79yrs,975
2022-03-23,80+,207
2022-03-24,05-11yrs,39
2022-03-24,12-17yrs,1207
2022-03-24,18-29yrs,17879
2022-03-24,30-39yrs,5987
2022-03-24,40-49yrs,2906
2022-03-24,50-59yrs,2546
2022-03-24,60-69yrs,2329
2022-03-24,70-79yrs,976
2022-03-24,80+,207
2022-03-25,05-11yrs,39
2022-03-25,12-17yrs,1206
2022-03-25,18-29yrs,17898
2022-03-25,30-39yrs,6005
2022-03-25,40-49yrs,2908
2022-03-25,50-59yrs,2548
2022-03-25,60-69yrs,2325
2022-03-25,70-79yrs,976
2022-03-25,80+,207
2022-03-26,05-11yrs,39
2022-03-26,12-17yrs,1208
2022-03-26,18-29yrs,17912
2022-03-26,30-39yrs,6008
2022-03-26,40-49yrs,2909
2022-03-26,50-59yrs,2550
2022-03-26,60-69yrs,2325
2022-03-26,70-79yrs,975
2022-03-26,80+,207
2022-03-27,05-11yrs,40
2022-03-27,12-17yrs,1209
2022-03-27,18-29yrs,17920
2022-03-27,30-39yrs,6007
2022-03-27,40-49yrs,2909
2022-03-27,50-59yrs,2548
2022-03-27,60-69yrs,2325
2022-03-27,70-79yrs,975
2022-03-27,80+,207
